"","virus_identity","Sample","well_total","Stotal","Sample_Well","S2_total_across_all_wells","Plate_ID","virus_copy","quadrant_96","bc_set","Plate_384","Plate_384_Number","Plate_384_Quadrant","IndexSet","MasterMixVol","RT","SpikeCopies","RPP_strategy","PCR_cycles","Description","SpikeDilution","Heat","VirusUnits","Col","Row","S_index","S_index2","R_index","R_index2","S2","S2_spike","RPP30","RPP30_spike","S2_normalized_to_S2_spike","RPP30_Detected","SARS_COV_2_Detected","X","Ct","ORF1","RNA.internal.Control","NPResult","X.2","X.3","X.4","X.5"
"1","A-008","Plate4-H06",163083,149589,"H06",112466,"Plate4","0","D","N1_S2_RPP30","4",4,NA,4,"20uL","taqpath",500,50,50,"taqpath/mns ns","924dil4_20xlower",NA,"copies_per_ml_lysate","06","H","CTTCGTGTGC","TAGGCTGGTT","CTTCGTGTGC","TAGGCTGGTT",112466,37123,13494,0,3.0294957439931,TRUE,"TRUE",45,18.7,19,33.3,"Positive",NA,NA,"",""
"2","A-008","Plate4-H05",164431,151652,"H05",121255,"Plate4","0","C","N1_S2_RPP30","4",4,NA,4,"20uL","taqpath",500,50,50,"taqpath/mns ns","924dil4_20xlower",NA,"copies_per_ml_lysate","05","H","ACCGCATTGC","CACGAGGATG","ACCGCATTGC","CACGAGGATG",121254,30398,12779,0,3.98878252574098,TRUE,"TRUE",45,18.7,19,33.3,"Positive",NA,NA,"",""
"3","C-008","Plate4-H22",199005,187522,"H22",182911,"Plate4","0","D","N1_S2_RPP30","4",4,NA,4,"20uL","taqpath",500,50,50,"taqpath/mns ns","924dil4_20xlower",NA,"copies_per_ml_lysate","22","H","AGGAGTATTC","TTGCCGCTAT","AGGAGTATTC","TTGCCGCTAT",182911,4611,11483,0,39.6600173460538,TRUE,"TRUE",10,18.9,20,31.6,"Positive",NA,NA,"",""
"4","C-008","Plate4-H21",171123,159564,"H21",143200,"Plate4","0","C","N1_S2_RPP30","4",4,NA,4,"20uL","taqpath",500,50,50,"taqpath/mns ns","924dil4_20xlower",NA,"copies_per_ml_lysate","21","H","TAGTGTGCAT","GTGGCACTGT","TAGTGTGCAT","GTGGCACTGT",143187,16377,11559,0,8.74270362681646,TRUE,"TRUE",10,18.9,20,31.6,"Positive",NA,NA,"",""
"5","C-009","Plate4-D18",204508,195041,"D18",194459,"Plate4","0","D","N1_S2_RPP30","4",4,NA,4,"20uL","taqpath",500,50,50,"taqpath/mns ns","924dil4_20xlower",NA,"copies_per_ml_lysate","18","D","TCGCTTGTTG","TAACTTGGCT","TCGCTTGTTG","TAACTTGGCT",194459,582,9467,0,333.550600343053,TRUE,"TRUE",4,16.4,18.1,34.1,"Positive",NA,NA,"<20","15"
"6","C-009","Plate4-D17",214954,206326,"D17",206096,"Plate4","0","C","N1_S2_RPP30","4",4,NA,4,"20uL","taqpath",500,50,50,"taqpath/mns ns","924dil4_20xlower",NA,"copies_per_ml_lysate","17","D","GGCACACAGA","GATAAGCCGT","GGCACACAGA","GATAAGCCGT",206067,259,8628,0,792.569230769231,TRUE,"TRUE",4,16.4,18.1,34.1,"Positive",NA,NA,"<20","15"
"7","O-003","Plate4-D16",135757,125275,"D16",77816,"Plate4","0","D","N1_S2_RPP30","4",4,NA,4,"20uL","taqpath",500,50,50,"taqpath/mns ns","924dil4_20xlower",NA,"copies_per_ml_lysate","16","D","CTATGCTCTC","TGACTCGTTG","CTATGCTCTC","TGACTCGTTG",77816,47459,10482,0,1.63963337547408,TRUE,"TRUE",2,17.7,18.2,30.6,"Positive",NA,NA,"",""
"8","O-003","Plate4-D15",146013,139030,"D15",92917,"Plate4","0","C","N1_S2_RPP30","4",4,NA,4,"20uL","taqpath",500,50,50,"taqpath/mns ns","924dil4_20xlower",NA,"copies_per_ml_lysate","15","D","AATCAGCTCT","GCCGTTCTCT","AATCAGCTCT","GCCGTTCTCT",92888,46142,6983,0,2.01306807099668,TRUE,"TRUE",2,17.7,18.2,30.6,"Positive",NA,NA,"",""
"9","O-009","Plate4-F19",161687,148298,"F19",92355,"Plate4","0","C","N1_S2_RPP30","4",4,NA,4,"20uL","taqpath",500,50,50,"taqpath/mns ns","924dil4_20xlower",NA,"copies_per_ml_lysate","19","F","AGATGTCCAT","AACCAGGCGT","AGATGTCCAT","AACCAGGCGT",92335,55963,13389,0,1.64991780430277,TRUE,"TRUE",46,19.7,20,29.8,"Positive",NA,NA,"",""
"10","O-009","Plate4-F19",161687,148298,"F19",92355,"Plate4","0","C","N1_S2_RPP30","4",4,NA,4,"20uL","taqpath",500,50,50,"taqpath/mns ns","924dil4_20xlower",NA,"copies_per_ml_lysate","19","F","AGATGTCCAT","AACCAGGCGT","AGATGTCCAT","AACCAGGCGT",92335,55963,13389,0,1.64991780430277,TRUE,"TRUE",7,19.7,20,29.8,"Positive",NA,NA,"",""
"11","O-009","Plate4-J06",130821,116499,"J06",30038,"Plate4","0","D","N1_S2_RPP30","4",4,NA,4,"20uL","taqpath",500,50,50,"taqpath/mns ns","924dil4_20xlower",NA,"copies_per_ml_lysate","06","J","CAGATTGGTA","TCGACCTCAC","CAGATTGGTA","TCGACCTCAC",30038,86461,14322,0,0.347424302005505,TRUE,"TRUE",46,19.7,20,29.8,"Positive",NA,NA,"",""
"12","O-009","Plate4-J06",130821,116499,"J06",30038,"Plate4","0","D","N1_S2_RPP30","4",4,NA,4,"20uL","taqpath",500,50,50,"taqpath/mns ns","924dil4_20xlower",NA,"copies_per_ml_lysate","06","J","CAGATTGGTA","TCGACCTCAC","CAGATTGGTA","TCGACCTCAC",30038,86461,14322,0,0.347424302005505,TRUE,"TRUE",7,19.7,20,29.8,"Positive",NA,NA,"",""
"13","O-009","Plate4-J05",102253,87830,"J05",21829,"Plate4","0","C","N1_S2_RPP30","4",4,NA,4,"20uL","taqpath",500,50,50,"taqpath/mns ns","924dil4_20xlower",NA,"copies_per_ml_lysate","05","J","TAGGACTGAA","TAGCAGCGCA","TAGGACTGAA","TAGCAGCGCA",21820,66010,14423,0,0.330566117768251,TRUE,"TRUE",46,19.7,20,29.8,"Positive",NA,NA,"",""
"14","O-009","Plate4-J05",102253,87830,"J05",21829,"Plate4","0","C","N1_S2_RPP30","4",4,NA,4,"20uL","taqpath",500,50,50,"taqpath/mns ns","924dil4_20xlower",NA,"copies_per_ml_lysate","05","J","TAGGACTGAA","TAGCAGCGCA","TAGGACTGAA","TAGCAGCGCA",21820,66010,14423,0,0.330566117768251,TRUE,"TRUE",7,19.7,20,29.8,"Positive",NA,NA,"",""
"15","O-009","Plate4-F20",132333,120073,"F20",59520,"Plate4","0","D","N1_S2_RPP30","4",4,NA,4,"20uL","taqpath",500,50,50,"taqpath/mns ns","924dil4_20xlower",NA,"copies_per_ml_lysate","20","F","TAGGACTTGC","CGACCGATAT","TAGGACTTGC","CGACCGATAT",59520,60553,12241,19,0.982940846186874,TRUE,"TRUE",46,19.7,20,29.8,"Positive",NA,NA,"",""
"16","O-009","Plate4-F20",132333,120073,"F20",59520,"Plate4","0","D","N1_S2_RPP30","4",4,NA,4,"20uL","taqpath",500,50,50,"taqpath/mns ns","924dil4_20xlower",NA,"copies_per_ml_lysate","20","F","TAGGACTTGC","CGACCGATAT","TAGGACTTGC","CGACCGATAT",59520,60553,12241,19,0.982940846186874,TRUE,"TRUE",7,19.7,20,29.8,"Positive",NA,NA,"",""
"17","O-010","Plate4-D06",90325,76718,"D06",6,"Plate4","0","D","N1_S2_RPP30","4",4,NA,4,"20uL","taqpath",500,50,50,"taqpath/mns ns","924dil4_20xlower",NA,"copies_per_ml_lysate","06","D","TGGAAGTCAT","GACTGGATAT","TGGAAGTCAT","GACTGGATAT",6,76712,13607,0,9.12492015694863e-05,TRUE,"FALSE",28,32.5,31,29.2,"Positive",NA,NA,"",""
"18","O-010","Plate4-D05",17489,4312,"D05",30,"Plate4","0","C","N1_S2_RPP30","4",4,NA,4,"20uL","taqpath",500,50,50,"taqpath/mns ns","924dil4_20xlower",NA,"copies_per_ml_lysate","05","D","TCTTGCTTCA","CTAGGATAGC","TCTTGCTTCA","CTAGGATAGC",0,4312,13177,0,0.000231857175979597,TRUE,"FALSE",28,32.5,31,29.2,"Positive",NA,NA,"",""
"19","O-012","Plate4-N04",123192,110978,"N04",25257,"Plate4","0","D","N1_S2_RPP30","4",4,NA,4,"20uL","taqpath",500,50,50,"taqpath/mns ns","924dil4_20xlower",NA,"copies_per_ml_lysate","04","N","GCTAGTTGAG","GGTGGTTAGG","GCTAGTTGAG","GGTGGTTAGG",25257,85721,12214,0,0.294650148153333,TRUE,"TRUE",26,16.4,17,33.1,"Positive",NA,NA,"20-30","13"
"20","O-012","Plate4-N04",123192,110978,"N04",25257,"Plate4","0","D","N1_S2_RPP30","4",4,NA,4,"20uL","taqpath",500,50,50,"taqpath/mns ns","924dil4_20xlower",NA,"copies_per_ml_lysate","04","N","GCTAGTTGAG","GGTGGTTAGG","GCTAGTTGAG","GGTGGTTAGG",25257,85721,12214,0,0.294650148153333,TRUE,"TRUE",29,16.4,17,33.1,"Positive",NA,NA,"30-40","3"
"21","O-012","Plate4-N03",165527,152043,"N03",84615,"Plate4","0","C","N1_S2_RPP30","4",4,NA,4,"20uL","taqpath",500,50,50,"taqpath/mns ns","924dil4_20xlower",NA,"copies_per_ml_lysate","03","N","GCATTCTGAG","GGTGGATTAT","GCATTCTGAG","GGTGGATTAT",84615,67428,13484,0,1.25489032908689,TRUE,"TRUE",26,16.4,17,33.1,"Positive",NA,NA,"20-30","13"
"22","O-012","Plate4-N03",165527,152043,"N03",84615,"Plate4","0","C","N1_S2_RPP30","4",4,NA,4,"20uL","taqpath",500,50,50,"taqpath/mns ns","924dil4_20xlower",NA,"copies_per_ml_lysate","03","N","GCATTCTGAG","GGTGGATTAT","GCATTCTGAG","GGTGGATTAT",84615,67428,13484,0,1.25489032908689,TRUE,"TRUE",29,16.4,17,33.1,"Positive",NA,NA,"30-40","3"
"23","O-013","Plate4-B06",11363,3474,"B06",918,"Plate4","0","D","N1_S2_RPP30","4",4,NA,4,"20uL","taqpath",500,50,50,"taqpath/mns ns","924dil4_20xlower",NA,"copies_per_ml_lysate","06","B","GTTCGGAGAG","GTATCCGTGG","GTTCGGAGAG","GTATCCGTGG",916,2558,7889,0,0.358343102774521,TRUE,"TRUE",30,21.3,22,31.6,"Positive",NA,NA,"",""
"24","O-013","Plate4-B06",11363,3474,"B06",918,"Plate4","0","D","N1_S2_RPP30","4",4,NA,4,"20uL","taqpath",500,50,50,"taqpath/mns ns","924dil4_20xlower",NA,"copies_per_ml_lysate","06","B","GTTCGGAGAG","GTATCCGTGG","GTTCGGAGAG","GTATCCGTGG",916,2558,7889,0,0.358343102774521,TRUE,"TRUE",27,21.3,22,31.6,"Positive",NA,NA,"",""
"25","O-013","Plate4-B05",128732,128732,"B05",69,"Plate4","0","C","N1_S2_RPP30","4",4,NA,4,"20uL","taqpath",500,50,50,"taqpath/mns ns","924dil4_20xlower",NA,"copies_per_ml_lysate","05","B","TATCACTTGG","GCAGATCTAT","TATCACTTGG","GCAGATCTAT",4,128728,0,0,3.88412867341469e-05,FALSE,"Inconclusive",30,21.3,22,31.6,"Positive",NA,NA,"",""
"26","O-013","Plate4-B05",128732,128732,"B05",69,"Plate4","0","C","N1_S2_RPP30","4",4,NA,4,"20uL","taqpath",500,50,50,"taqpath/mns ns","924dil4_20xlower",NA,"copies_per_ml_lysate","05","B","TATCACTTGG","GCAGATCTAT","TATCACTTGG","GCAGATCTAT",4,128728,0,0,3.88412867341469e-05,FALSE,"Inconclusive",27,21.3,22,31.6,"Positive",NA,NA,"",""
"27","O-014","Plate4-B22",199566,190314,"B22",186325,"Plate4","0","D","N1_S2_RPP30","4",4,NA,4,"20uL","taqpath",500,50,50,"taqpath/mns ns","924dil4_20xlower",NA,"copies_per_ml_lysate","22","B","TAGGCACATG","TGACTGCTAT","TAGGCACATG","TGACTGCTAT",186229,4085,9252,0,45.5775819872736,TRUE,"TRUE",9,16.9,17.7,33.1,"Positive",NA,NA,"",""
"28","O-014","Plate4-B21",212298,206680,"B21",201851,"Plate4","0","C","N1_S2_RPP30","4",4,NA,4,"20uL","taqpath",500,50,50,"taqpath/mns ns","924dil4_20xlower",NA,"copies_per_ml_lysate","21","B","GGTAGAGTAA","CTAAGCTTGA","GGTAGAGTAA","CTAAGCTTGA",201746,4934,5618,0,40.8808510638298,TRUE,"TRUE",9,16.9,17.7,33.1,"Positive",NA,NA,"",""
"29","O-015","Plate4-B02",92224,79930,"B02",13932,"Plate4","0","D","N1_S2_RPP30","4",4,NA,4,"20uL","taqpath",500,50,50,"taqpath/mns ns","924dil4_20xlower",NA,"copies_per_ml_lysate","02","B","GGTGGTACTA","CTCCTCTGAT","GGTGGTACTA","CTCCTCTGAT",13932,65998,12294,0,0.2111092592312,TRUE,"TRUE",11,21,20.7,32.6,"Positive",NA,NA,"",""
"30","O-015","Plate4-B01",141157,129528,"B01",44993,"Plate4","0","C","N1_S2_RPP30","4",4,NA,4,"20uL","taqpath",500,50,50,"taqpath/mns ns","924dil4_20xlower",NA,"copies_per_ml_lysate","01","B","GAGGATCCTA","CTCCTAATCT","GAGGATCCTA","CTCCTAATCT",44940,84588,11629,0,0.531286573904408,TRUE,"TRUE",11,21,20.7,32.6,"Positive",NA,NA,"",""
"31","O-019","Plate4-D01",151054,138097,"D01",85900,"Plate4","0","C","N1_S2_RPP30","4",4,NA,4,"20uL","taqpath",500,50,50,"taqpath/mns ns","924dil4_20xlower",NA,"copies_per_ml_lysate","01","D","GTGTGCATAG","TCCGTTGACG","GTGTGCATAG","TCCGTTGACG",85867,52230,12957,0,1.64400451838946,TRUE,"TRUE",12,23.2,23.5,31.2,"Positive",NA,NA,"",""
"32","O-019","Plate4-D02",131837,118662,"D02",50836,"Plate4","0","D","N1_S2_RPP30","4",4,NA,4,"20uL","taqpath",500,50,50,"taqpath/mns ns","924dil4_20xlower",NA,"copies_per_ml_lysate","02","D","TCCTTGGTAG","ACGGTGTGTG","TCCTTGGTAG","ACGGTGTGTG",50835,67827,13175,0,0.749483988913133,TRUE,"TRUE",12,23.2,23.5,31.2,"Positive",NA,NA,"",""
"33","O-022","Plate4-F02",179948,170397,"F02",156589,"Plate4","0","D","N1_S2_RPP30","4",4,NA,4,"20uL","taqpath",500,50,50,"taqpath/mns ns","924dil4_20xlower",NA,"copies_per_ml_lysate","02","F","TATTCTTGCG","GGTACCATGG","TATTCTTGCG","GGTACCATGG",156588,13809,9551,0,11.3388124547429,TRUE,"TRUE",13,18.2,17.5,32.3,"Positive",NA,NA,"",""
"34","O-022","Plate4-F01",168435,159900,"F01",154334,"Plate4","0","C","N1_S2_RPP30","4",4,NA,4,"20uL","taqpath",500,50,50,"taqpath/mns ns","924dil4_20xlower",NA,"copies_per_ml_lysate","01","F","GGTCTAGGTT","AACCTCGGTT","GGTCTAGGTT","AACCTCGGTT",154325,5575,8535,0,27.6768292682927,TRUE,"TRUE",13,18.2,17.5,32.3,"Positive",NA,NA,"",""
"35","O-023","Plate4-H01",72989,61258,"H01",10,"Plate4","0","C","N1_S2_RPP30","4",4,NA,4,"20uL","taqpath",500,50,50,"taqpath/mns ns","924dil4_20xlower",NA,"copies_per_ml_lysate","01","H","GTGCCTAGTC","GGTCAGATGT","GTGCCTAGTC","GGTCAGATGT",0,61258,11731,0,1.63241319642828e-05,TRUE,"FALSE",14,30.3,29.4,31.8,"Positive",NA,NA,"",""
"36","O-023","Plate4-H02",91485,84248,"H02",464,"Plate4","0","D","N1_S2_RPP30","4",4,NA,4,"20uL","taqpath",500,50,50,"taqpath/mns ns","924dil4_20xlower",NA,"copies_per_ml_lysate","02","H","AAGGCAACCG","GGTCGTAACT","AAGGCAACCG","GGTCGTAACT",464,83784,7237,0,0.00554991943665334,TRUE,"TRUE",14,30.3,29.4,31.8,"Positive",NA,NA,"",""
"37","O-024","Plate4-J02",125601,112049,"J02",1,"Plate4","0","D","N1_S2_RPP30","4",4,NA,4,"20uL","taqpath",500,50,50,"taqpath/mns ns","924dil4_20xlower",NA,"copies_per_ml_lysate","02","J","GCAAGTTAGA","GGTATTGTCT","GCAAGTTAGA","GGTATTGTCT",1,112048,13552,0,1.78493337736169e-05,TRUE,"FALSE",15,30,28.4,31.7,"Positive",NA,NA,"",""
"38","O-024","Plate4-J01",121312,107720,"J01",689,"Plate4","0","C","N1_S2_RPP30","4",4,NA,4,"20uL","taqpath",500,50,50,"taqpath/mns ns","924dil4_20xlower",NA,"copies_per_ml_lysate","01","J","GTTGGTAACC","AACCACTAGC","GTTGGTAACC","AACCACTAGC",687,107033,13592,0,0.00642786404320123,TRUE,"TRUE",15,30,28.4,31.7,"Positive",NA,NA,"",""
"39","O-031","Plate4-F15",77611,68916,"F15",37,"Plate4","0","C","N1_S2_RPP30","4",4,NA,4,"20uL","taqpath",500,50,50,"taqpath/mns ns","924dil4_20xlower",NA,"copies_per_ml_lysate","15","F","ATCTGTCGAA","CGAGCTTGAC","ATCTGTCGAA","CGAGCTTGAC",2,68914,8695,0,4.35318871073061e-05,TRUE,"FALSE",48,0,0,NA,"Negative",NA,NA,"",""
"40","O-031","Plate4-F16",87614,76672,"F16",1,"Plate4","0","D","N1_S2_RPP30","4",4,NA,4,"20uL","taqpath",500,50,50,"taqpath/mns ns","924dil4_20xlower",NA,"copies_per_ml_lysate","16","F","CTGCTAGTCG","TCTTCGAAGG","CTGCTAGTCG","TCTTCGAAGG",1,76671,10942,0,2.6085141903172e-05,TRUE,"FALSE",48,0,0,NA,"Negative",NA,NA,"",""
"41","O-032","Plate4-B09",116019,104409,"B09",14,"Plate4","0","C","N1_S2_RPP30","4",4,NA,4,"20uL","taqpath",500,50,50,"taqpath/mns ns","924dil4_20xlower",NA,"copies_per_ml_lysate","09","B","GCAACCTTGA","TGTAGGTTCG","GCAACCTTGA","TGTAGGTTCG",1,104408,11610,0,1.91554367918474e-05,TRUE,"FALSE",33,0,0,31.7,"Negative",NA,NA,"",""
"42","O-032","Plate4-B10",106905,97899,"B10",2,"Plate4","0","D","N1_S2_RPP30","4",4,NA,4,"20uL","taqpath",500,50,50,"taqpath/mns ns","924dil4_20xlower",NA,"copies_per_ml_lysate","10","B","CATAGTCTGA","TGTACTGTCG","CATAGTCTGA","TGTACTGTCG",2,97897,9006,0,3.06441398189953e-05,TRUE,"FALSE",33,0,0,31.7,"Negative",NA,NA,"",""
"43","O-033","Plate4-N10",117979,105617,"N10",2,"Plate4","0","D","N1_S2_RPP30","4",4,NA,4,"20uL","taqpath",500,50,50,"taqpath/mns ns","924dil4_20xlower",NA,"copies_per_ml_lysate","10","N","TAAGATGTGC","GTGGTTGACT","TAAGATGTGC","GTGGTTGACT",2,105615,12362,0,2.84047871534616e-05,TRUE,"FALSE",39,0,0,32.3,"Negative",NA,NA,"",""
"44","O-033","Plate4-N09",139517,126006,"N09",1,"Plate4","0","C","N1_S2_RPP30","4",4,NA,4,"20uL","taqpath",500,50,50,"taqpath/mns ns","924dil4_20xlower",NA,"copies_per_ml_lysate","09","N","TTATCGTTGC","GTCCATGTCT","TTATCGTTGC","GTCCATGTCT",1,126005,13511,0,1.58722600511087e-05,TRUE,"FALSE",39,0,0,32.3,"Negative",NA,NA,"",""
"45","O-034","Plate4-F17",56141,45200,"F17",33,"Plate4","0","C","N1_S2_RPP30","4",4,NA,4,"20uL","taqpath",500,50,50,"taqpath/mns ns","924dil4_20xlower",NA,"copies_per_ml_lysate","17","F","AAGCAACGTG","GGTACGCTTG","AAGCAACGTG","GGTACGCTTG",2,45198,10941,0,6.6373149848448e-05,TRUE,"FALSE",54,0,0,NA,"Negative",NA,NA,"",""
"46","O-034","Plate4-F18",92206,82330,"F18",0,"Plate4","0","D","N1_S2_RPP30","4",4,NA,4,"20uL","taqpath",500,50,50,"taqpath/mns ns","924dil4_20xlower",NA,"copies_per_ml_lysate","18","F","GTCCTCGTAC","AGCCTGAAGG","GTCCTCGTAC","AGCCTGAAGG",0,82330,9876,0,1.21460932091193e-05,TRUE,"FALSE",54,0,0,NA,"Negative",NA,NA,"",""
"47","O-035","Plate4-J18",81644,80099,"J18",1,"Plate4","0","D","N1_S2_RPP30","4",4,NA,4,"20uL","taqpath",500,50,50,"taqpath/mns ns","924dil4_20xlower",NA,"copies_per_ml_lysate","18","J","AGTAGGTAAC","CAGGCGAATT","AGTAGGTAAC","CAGGCGAATT",1,80098,1545,0,2.49691007378369e-05,TRUE,"FALSE",55,0,0,NA,"Negative",NA,NA,"",""
"48","O-035","Plate4-J17",14479,3842,"J17",7,"Plate4","0","C","N1_S2_RPP30","4",4,NA,4,"20uL","taqpath",500,50,50,"taqpath/mns ns","924dil4_20xlower",NA,"copies_per_ml_lysate","17","J","GCAATTGGCT","CTAGGCGAGT","GCAATTGGCT","CTAGGCGAGT",0,3842,10637,0,0.000260213374967473,TRUE,"FALSE",55,0,0,NA,"Negative",NA,NA,"",""
"49","O-036","Plate4-J10",96885,85299,"J10",1,"Plate4","0","D","N1_S2_RPP30","4",4,NA,4,"20uL","taqpath",500,50,50,"taqpath/mns ns","924dil4_20xlower",NA,"copies_per_ml_lysate","10","J","GTATGATTGC","GGTCGTTGTG","GTATGATTGC","GGTCGTTGTG",1,85298,11586,0,2.34469337272418e-05,TRUE,"FALSE",37,0,0,32.1,"Negative",NA,NA,"",""
"50","O-036","Plate4-J09",131921,121558,"J09",5,"Plate4","0","C","N1_S2_RPP30","4",4,NA,4,"20uL","taqpath",500,50,50,"taqpath/mns ns","924dil4_20xlower",NA,"copies_per_ml_lysate","09","J","AGTCACGAAG","GTACTCGTGT","AGTCACGAAG","GTACTCGTGT",0,121558,10363,0,8.22645793400735e-06,TRUE,"FALSE",37,0,0,32.1,"Negative",NA,NA,"",""
"51","O-037","Plate4-L18",17338,14115,"L18",3,"Plate4","0","D","N1_S2_RPP30","4",4,NA,4,"20uL","taqpath",500,50,50,"taqpath/mns ns","924dil4_20xlower",NA,"copies_per_ml_lysate","18","L","TAGAGTGGAG","ATGAGGACTG","TAGAGTGGAG","ATGAGGACTG",3,14112,3223,0,0.000283426627931694,TRUE,"FALSE",56,0,0,NA,"Negative",NA,NA,"",""
"52","O-037","Plate4-L17",4125,190,"L17",0,"Plate4","0","C","N1_S2_RPP30","4",4,NA,4,"20uL","taqpath",500,50,50,"taqpath/mns ns","924dil4_20xlower",NA,"copies_per_ml_lysate","17","L","TATTGGAGAG","GTCTAGGTCG","TATTGGAGAG","GTCTAGGTCG",0,190,3935,0,0.00523560209424084,TRUE,"Inconclusive",56,0,0,NA,"Negative",NA,NA,"",""
"53","O-038","Plate4-F09",129658,115493,"F09",22,"Plate4","0","C","N1_S2_RPP30","4",4,NA,4,"20uL","taqpath",500,50,50,"taqpath/mns ns","924dil4_20xlower",NA,"copies_per_ml_lysate","09","F","ATCGTGTTGG","TTGATGTGCT","ATCGTGTTGG","TTGATGTGCT",1,115492,14165,0,1.73170668352195e-05,TRUE,"FALSE",35,0,0,32,"Negative",NA,NA,"",""
"54","O-038","Plate4-F10",72688,72315,"F10",0,"Plate4","0","D","N1_S2_RPP30","4",4,NA,4,"20uL","taqpath",500,50,50,"taqpath/mns ns","924dil4_20xlower",NA,"copies_per_ml_lysate","10","F","CTTGACTAGT","CGAGCCTAGT","CTTGACTAGT","CGAGCCTAGT",0,72315,373,0,1.38281984623043e-05,TRUE,"FALSE",35,0,0,32,"Negative",NA,NA,"",""
"55","O-039","Plate4-N18",90873,84767,"N18",1,"Plate4","0","D","N1_S2_RPP30","4",4,NA,4,"20uL","taqpath",500,50,50,"taqpath/mns ns","924dil4_20xlower",NA,"copies_per_ml_lysate","18","N","GCAGTCAGGA","TTGAAGCTGC","GCAGTCAGGA","TTGAAGCTGC",1,84766,6106,0,2.35940873217172e-05,TRUE,"FALSE",57,0,0,NA,"Negative",NA,NA,"",""
"56","O-039","Plate4-N17",112761,103731,"N17",1,"Plate4","0","C","N1_S2_RPP30","4",4,NA,4,"20uL","taqpath",500,50,50,"taqpath/mns ns","924dil4_20xlower",NA,"copies_per_ml_lysate","17","N","AGATAGGTGC","GTTGTACAAG","AGATAGGTGC","GTTGTACAAG",1,103730,9030,0,1.92806393460007e-05,TRUE,"FALSE",57,0,0,NA,"Negative",NA,NA,"",""
"57","O-042","Plate4-N16",8617,1778,"N16",0,"Plate4","0","D","N1_S2_RPP30","4",4,NA,4,"20uL","taqpath",500,50,50,"taqpath/mns ns","924dil4_20xlower",NA,"copies_per_ml_lysate","16","N","TGGTCGATGC","GTGTATAACG","TGGTCGATGC","GTGTATAACG",0,1778,6839,0,0.000562113546936481,TRUE,"FALSE",51,0,0,NA,"Negative",NA,NA,"",""
"58","O-042","Plate4-N15",5504,47,"N15",0,"Plate4","0","C","N1_S2_RPP30","4",4,NA,4,"20uL","taqpath",500,50,50,"taqpath/mns ns","924dil4_20xlower",NA,"copies_per_ml_lysate","15","N","TGTATCCTGC","GTTCTCGAGG","TGTATCCTGC","GTTCTCGAGG",0,47,5457,0,0.0208333333333333,TRUE,"Inconclusive",51,0,0,NA,"Negative",NA,NA,"",""
"59","O-047","Plate4-P15",69902,69898,"P15",0,"Plate4","0","C","N1_S2_RPP30","4",4,NA,4,"20uL","taqpath",500,50,50,"taqpath/mns ns","924dil4_20xlower",NA,"copies_per_ml_lysate","15","P","GTGCAACACG","GTGGACAAGT","GTGCAACACG","GTGGACAAGT",0,69898,4,0,1.43063563141104e-05,FALSE,"Inconclusive",52,0,0,NA,"Negative",NA,NA,"",""
"60","O-047","Plate4-P16",48843,48777,"P16",0,"Plate4","0","D","N1_S2_RPP30","4",4,NA,4,"20uL","taqpath",500,50,50,"taqpath/mns ns","924dil4_20xlower",NA,"copies_per_ml_lysate","16","P","AATCAGTCCA","ATGCGGAACC","AATCAGTCCA","ATGCGGAACC",0,48777,66,0,2.05010455533232e-05,TRUE,"FALSE",52,0,0,NA,"Negative",NA,NA,"",""
"61","O-048","Plate4-J15",45827,31829,"J15",12,"Plate4","0","C","N1_S2_RPP30","4",4,NA,4,"20uL","taqpath",500,50,50,"taqpath/mns ns","924dil4_20xlower",NA,"copies_per_ml_lysate","15","J","TTGTTCGTGC","GGTCTATATC","TTGTTCGTGC","GGTCTATATC",2,31827,13998,0,9.42566293829333e-05,TRUE,"FALSE",50,0,0,NA,"Negative",NA,NA,"",""
"62","O-048","Plate4-J16",44789,36652,"J16",0,"Plate4","0","D","N1_S2_RPP30","4",4,NA,4,"20uL","taqpath",500,50,50,"taqpath/mns ns","924dil4_20xlower",NA,"copies_per_ml_lysate","16","J","TTGCGTATGC","GGAGTTCTGC","TTGCGTATGC","GGAGTTCTGC",0,36652,8137,0,2.72828963522768e-05,TRUE,"FALSE",50,0,0,NA,"Negative",NA,NA,"",""
"63","O-049","Plate4-H15",35432,35432,"H15",23,"Plate4","0","C","N1_S2_RPP30","4",4,NA,4,"20uL","taqpath",500,50,50,"taqpath/mns ns","924dil4_20xlower",NA,"copies_per_ml_lysate","15","H","GTTCTGATAC","ACAAGTAGGC","GTTCTGATAC","ACAAGTAGGC",0,35432,0,0,2.82222786667796e-05,FALSE,"Inconclusive",49,0,0,NA,"Negative",NA,NA,"",""
"64","O-049","Plate4-H16",99054,90208,"H16",3,"Plate4","0","D","N1_S2_RPP30","4",4,NA,4,"20uL","taqpath",500,50,50,"taqpath/mns ns","924dil4_20xlower",NA,"copies_per_ml_lysate","16","H","ATGCTTGTTC","GGTCTTCCTG","ATGCTTGTTC","GGTCTTCCTG",3,90205,8846,0,4.43429483626366e-05,TRUE,"FALSE",49,0,0,NA,"Negative",NA,NA,"",""
"65","O-055","Plate4-P10",113535,100517,"P10",0,"Plate4","0","D","N1_S2_RPP30","4",4,NA,4,"20uL","taqpath",500,50,50,"taqpath/mns ns","924dil4_20xlower",NA,"copies_per_ml_lysate","10","P","GCTCATAAGC","GTGGTATCTC","GCTCATAAGC","GTGGTATCTC",0,100517,13018,0,9.94846694124435e-06,TRUE,"FALSE",40,0,0,31.3,"Negative",NA,NA,"",""
"66","O-055","Plate4-P09",119139,109744,"P09",0,"Plate4","0","C","N1_S2_RPP30","4",4,NA,4,"20uL","taqpath",500,50,50,"taqpath/mns ns","924dil4_20xlower",NA,"copies_per_ml_lysate","09","P","GCTAGTCTTC","GTATAACCTG","GCTAGTCTTC","GTATAACCTG",0,109744,9395,0,9.11203243883548e-06,TRUE,"FALSE",40,0,0,31.3,"Negative",NA,NA,"",""
"67","O-056","Plate4-B11",129466,122425,"B11",42,"Plate4","0","C","N1_S2_RPP30","4",4,NA,4,"20uL","taqpath",500,50,50,"taqpath/mns ns","924dil4_20xlower",NA,"copies_per_ml_lysate","11","B","AAGGCATGTA","TGTAACTCTC","AAGGCATGTA","TGTAACTCTC",0,122425,7041,0,8.16819956545178e-06,TRUE,"FALSE",41,0,0,31.6,"Negative",NA,NA,"",""
"68","O-056","Plate4-B12",105063,94511,"B12",1,"Plate4","0","D","N1_S2_RPP30","4",4,NA,4,"20uL","taqpath",500,50,50,"taqpath/mns ns","924dil4_20xlower",NA,"copies_per_ml_lysate","12","B","CTAACACCAG","GTCCACGCAT","CTAACACCAG","GTCCACGCAT",1,94510,10552,0,2.11615579138936e-05,TRUE,"FALSE",41,0,0,31.6,"Negative",NA,NA,"",""
"69","O-057","Plate4-D11",108047,95354,"D11",26,"Plate4","0","C","N1_S2_RPP30","4",4,NA,4,"20uL","taqpath",500,50,50,"taqpath/mns ns","924dil4_20xlower",NA,"copies_per_ml_lysate","11","D","CTGGAGAAGC","GTGGTCCTAT","CTGGAGAAGC","GTGGTCCTAT",0,95354,12693,0,1.04871270515442e-05,TRUE,"FALSE",42,0,0,30.9,"Negative",NA,NA,"",""
"70","O-057","Plate4-D12",70070,54692,"D12",2,"Plate4","0","D","N1_S2_RPP30","4",4,NA,4,"20uL","taqpath",500,50,50,"taqpath/mns ns","924dil4_20xlower",NA,"copies_per_ml_lysate","12","D","GCCGCATATA","CTATATAGGC","GCCGCATATA","CTATATAGGC",2,54690,15378,0,5.48536322246805e-05,TRUE,"FALSE",42,0,0,30.9,"Negative",NA,NA,"",""
"71","O-058","Plate4-F12",91960,83452,"F12",2,"Plate4","0","D","N1_S2_RPP30","4",4,NA,4,"20uL","taqpath",500,50,50,"taqpath/mns ns","924dil4_20xlower",NA,"copies_per_ml_lysate","12","F","GAGTCATAGC","CGTATATCCG","GAGTCATAGC","CGTATATCCG",2,83450,8508,0,3.59492396735809e-05,TRUE,"FALSE",43,0,0,32.1,"Negative",NA,NA,"",""
"72","O-058","Plate4-F11",75446,62158,"F11",23,"Plate4","0","C","N1_S2_RPP30","4",4,NA,4,"20uL","taqpath",500,50,50,"taqpath/mns ns","924dil4_20xlower",NA,"copies_per_ml_lysate","11","F","CTCTCCTTCA","ATCACTGCGC","CTCTCCTTCA","ATCACTGCGC",0,62158,13288,0,1.60877748998536e-05,TRUE,"FALSE",43,0,0,32.1,"Negative",NA,NA,"",""
"73","O-059","Plate4-H11",120324,105249,"H11",9,"Plate4","0","C","N1_S2_RPP30","4",4,NA,4,"20uL","taqpath",500,50,50,"taqpath/mns ns","924dil4_20xlower",NA,"copies_per_ml_lysate","11","H","TTGCTCACTG","TGTAACCGCT","TTGCTCACTG","TGTAACCGCT",0,105249,15075,0,9.50118764845606e-06,TRUE,"FALSE",44,0,0,31.7,"Negative",NA,NA,"",""
"74","O-059","Plate4-H12",77712,65927,"H12",1,"Plate4","0","D","N1_S2_RPP30","4",4,NA,4,"20uL","taqpath",500,50,50,"taqpath/mns ns","924dil4_20xlower",NA,"copies_per_ml_lysate","12","H","AGTAGGCAGG","TGTAGAAGCT","AGTAGGCAGG","TGTAGAAGCT",1,65926,11785,0,3.0336584403962e-05,TRUE,"FALSE",44,0,0,31.7,"Negative",NA,NA,"",""
"75","O-070","Plate4-L02",207080,194834,"L02",194201,"Plate4","0","D","N1_S2_RPP30","4",4,NA,4,"20uL","taqpath",500,50,50,"taqpath/mns ns","924dil4_20xlower",NA,"copies_per_ml_lysate","02","L","TGATTGAGAC","GTCTCAATGT","TGATTGAGAC","GTCTCAATGT",194200,634,12246,0,305.828346456693,TRUE,"TRUE",16,11.4,12,31.8,"Positive",NA,NA,"S  gene","ORF1"
"76","O-070","Plate4-L01",203665,194489,"L01",194318,"Plate4","0","C","N1_S2_RPP30","4",4,NA,4,"20uL","taqpath",500,50,50,"taqpath/mns ns","924dil4_20xlower",NA,"copies_per_ml_lysate","01","L","GCAAGAGAAG","GCTGAGAACT","GCAAGAGAAG","GCTGAGAACT",194315,174,9176,0,1110.37714285714,TRUE,"TRUE",16,11.4,12,31.8,"Positive",NA,NA,"S  gene","ORF1"
"77","O-071","Plate4-N02",132517,128667,"N02",80654,"Plate4","0","D","N1_S2_RPP30","4",4,NA,4,"20uL","taqpath",500,50,50,"taqpath/mns ns","924dil4_20xlower",NA,"copies_per_ml_lysate","02","N","AGTGTGAGAG","GTGTTACGGT","AGTGTGAGAG","GTGTTACGGT",80654,48013,3850,0,1.67982255175574,TRUE,"TRUE",17,19.6,20.2,34.2,"Positive",NA,NA,"",""
"78","O-071","Plate4-N01",169347,161514,"N01",121752,"Plate4","0","C","N1_S2_RPP30","4",4,NA,4,"20uL","taqpath",500,50,50,"taqpath/mns ns","924dil4_20xlower",NA,"copies_per_ml_lysate","01","N","GCAAGAGTGT","GTGTGTTGTT","GCAAGAGTGT","GTGTGTTGTT",121752,39762,7833,0,3.06196715539572,TRUE,"TRUE",17,19.6,20.2,34.2,"Positive",NA,NA,"",""
"79","O-072","Plate4-P02",94415,91309,"P02",2094,"Plate4","0","D","N1_S2_RPP30","4",4,NA,4,"20uL","taqpath",500,50,50,"taqpath/mns ns","924dil4_20xlower",NA,"copies_per_ml_lysate","02","P","AGTTGGAGTG","CTGCTCAGGT","AGTTGGAGTG","CTGCTCAGGT",2094,89215,3106,0,0.0234823350071736,TRUE,"TRUE",18,27.8,28.4,32.4,"Positive",NA,NA,"",""
"80","O-072","Plate4-P01",79946,67426,"P01",4472,"Plate4","0","C","N1_S2_RPP30","4",4,NA,4,"20uL","taqpath",500,50,50,"taqpath/mns ns","924dil4_20xlower",NA,"copies_per_ml_lysate","01","P","GAGTATGCAG","CAGAGGCTGT","GAGTATGCAG","CAGAGGCTGT",4472,62954,12520,0,0.0710507505360972,TRUE,"TRUE",18,27.8,28.4,32.4,"Positive",NA,NA,"",""
"81","O-073","Plate4-B04",211837,198880,"B04",197991,"Plate4","0","D","N1_S2_RPP30","4",4,NA,4,"20uL","taqpath",500,50,50,"taqpath/mns ns","924dil4_20xlower",NA,"copies_per_ml_lysate","04","B","CTCTGACTTA","CTCCTTCTAG","CTCTGACTTA","CTCCTTCTAG",197991,889,12957,0,222.462921348315,TRUE,"TRUE",31,13.1,13.4,35,"Positive",NA,NA,"",""
"82","O-073","Plate4-B04",211837,198880,"B04",197991,"Plate4","0","D","N1_S2_RPP30","4",4,NA,4,"20uL","taqpath",500,50,50,"taqpath/mns ns","924dil4_20xlower",NA,"copies_per_ml_lysate","04","B","CTCTGACTTA","CTCCTTCTAG","CTCTGACTTA","CTCCTTCTAG",197991,889,12957,0,222.462921348315,TRUE,"TRUE",19,13.1,13.4,35,"Positive",NA,NA,"",""
"83","O-073","Plate4-B03",197682,184842,"B03",184648,"Plate4","0","C","N1_S2_RPP30","4",4,NA,4,"20uL","taqpath",500,50,50,"taqpath/mns ns","924dil4_20xlower",NA,"copies_per_ml_lysate","03","B","CCTCTTGAAC","CTCCTATCGG","CCTCTTGAAC","CTCCTATCGG",184604,238,12840,0,772.405857740586,TRUE,"TRUE",31,13.1,13.4,35,"Positive",NA,NA,"",""
"84","O-073","Plate4-B03",197682,184842,"B03",184648,"Plate4","0","C","N1_S2_RPP30","4",4,NA,4,"20uL","taqpath",500,50,50,"taqpath/mns ns","924dil4_20xlower",NA,"copies_per_ml_lysate","03","B","CCTCTTGAAC","CTCCTATCGG","CCTCTTGAAC","CTCCTATCGG",184604,238,12840,0,772.405857740586,TRUE,"TRUE",19,13.1,13.4,35,"Positive",NA,NA,"",""
"85","O-074","Plate4-D03",235363,220389,"D03",218252,"Plate4","0","C","N1_S2_RPP30","4",4,NA,4,"20uL","taqpath",500,50,50,"taqpath/mns ns","924dil4_20xlower",NA,"copies_per_ml_lysate","03","D","TCGGTAAGTA","TTGCAGTGTA","TCGGTAAGTA","TTGCAGTGTA",218220,2169,14974,0,100.56267281106,TRUE,"TRUE",20,16.7,17,30.4,"Positive",NA,NA,"",""
"86","O-074","Plate4-D04",189121,175370,"D04",169170,"Plate4","0","D","N1_S2_RPP30","4",4,NA,4,"20uL","taqpath",500,50,50,"taqpath/mns ns","924dil4_20xlower",NA,"copies_per_ml_lysate","04","D","CTCCTCGCTT","GTCGTCTGTT","CTCCTCGCTT","GTCGTCTGTT",169169,6201,13751,0,27.2766849403418,TRUE,"TRUE",20,16.7,17,30.4,"Positive",NA,NA,"",""
"87","O-075","Plate4-F04",155459,145082,"F04",111620,"Plate4","0","D","N1_S2_RPP30","4",4,NA,4,"20uL","taqpath",500,50,50,"taqpath/mns ns","924dil4_20xlower",NA,"copies_per_ml_lysate","04","F","ATACTTGTGG","CTGGCTAATG","ATACTTGTGG","CTGGCTAATG",111620,33462,10377,0,3.33565430475451,TRUE,"TRUE",21,23.8,24.3,31.3,"Positive",NA,NA,"",""
"88","O-075","Plate4-F03",134248,120878,"F03",34664,"Plate4","0","C","N1_S2_RPP30","4",4,NA,4,"20uL","taqpath",500,50,50,"taqpath/mns ns","924dil4_20xlower",NA,"copies_per_ml_lysate","03","F","GGTGATCGTA","CCGCCGTTAT","GGTGATCGTA","CCGCCGTTAT",34654,86224,13370,0,0.40191359814439,TRUE,"TRUE",21,23.8,24.3,31.3,"Positive",NA,NA,"",""
"89","O-16","Plate4-H04",79247,69512,"H04",2489,"Plate4","0","D","N1_S2_RPP30","4",4,NA,4,"20uL","taqpath",500,50,50,"taqpath/mns ns","924dil4_20xlower",NA,"copies_per_ml_lysate","04","H","AGATCTCCGC","GTGTACAGGC","AGATCTCCGC","GTGTACAGGC",2489,67023,9735,0,0.037150871329673,TRUE,"TRUE",22,28,28.3,31.4,"Positive",NA,NA,"",""
"90","O-16","Plate4-H03",121862,111580,"H03",4480,"Plate4","0","C","N1_S2_RPP30","4",4,NA,4,"20uL","taqpath",500,50,50,"taqpath/mns ns","924dil4_20xlower",NA,"copies_per_ml_lysate","03","H","ACTAGCATCG","GACTGATCCT","ACTAGCATCG","GACTGATCCT",4464,107116,10282,0,0.0416833929254927,TRUE,"TRUE",22,28,28.3,31.4,"Positive",NA,NA,"",""
"91","O-17","Plate4-J04",91783,79579,"J04",27817,"Plate4","0","D","N1_S2_RPP30","4",4,NA,4,"20uL","taqpath",500,50,50,"taqpath/mns ns","924dil4_20xlower",NA,"copies_per_ml_lysate","04","J","TATTGCTAGG","GTCAGACCGT","TATTGCTAGG","GTCAGACCGT",27817,51762,12204,0,0.537410891949848,TRUE,"TRUE",23,22.9,23.2,31.7,"Positive",NA,NA,"",""
"92","O-17","Plate4-J03",169678,156085,"J03",90812,"Plate4","0","C","N1_S2_RPP30","4",4,NA,4,"20uL","taqpath",500,50,50,"taqpath/mns ns","924dil4_20xlower",NA,"copies_per_ml_lysate","03","J","CCTGTAACTC","GTCCGTCGAT","CCTGTAACTC","GTCCGTCGAT",90808,65277,13593,0,1.39111186004473,TRUE,"TRUE",23,22.9,23.2,31.7,"Positive",NA,NA,"",""
"93","R-001","Plate4-L04",84263,76270,"L04",55577,"Plate4","0","D","N1_S2_RPP30","4",4,NA,4,"20uL","taqpath",500,50,50,"taqpath/mns ns","924dil4_20xlower",NA,"copies_per_ml_lysate","04","L","GGATCGTGAG","GTCGGACGTT","GGATCGTGAG","GTCGGACGTT",55577,20693,7843,150,2.68570600173963,TRUE,"TRUE",24,20.7,21,30,"Positive",NA,NA,"",""
"94","R-001","Plate4-L03",76700,65458,"L03",43011,"Plate4","0","C","N1_S2_RPP30","4",4,NA,4,"20uL","taqpath",500,50,50,"taqpath/mns ns","924dil4_20xlower",NA,"copies_per_ml_lysate","03","L","CCTCATCACG","GTCTCGTTAT","CCTCATCACG","GTCTCGTTAT",43007,22451,11242,0,1.91555318011758,TRUE,"TRUE",24,20.7,21,30,"Positive",NA,NA,"",""
"95","R-002","Plate4-P03",210566,195149,"P03",190274,"Plate4","0","C","N1_S2_RPP30","4",4,NA,4,"20uL","taqpath",500,50,50,"taqpath/mns ns","924dil4_20xlower",NA,"copies_per_ml_lysate","03","P","TCTGACGAGG","AGCTATAGGT","TCTGACGAGG","AGCTATAGGT",190274,4875,15417,0,39.0227645611157,TRUE,"TRUE",25,22.9,23.8,30.5,"Positive",NA,NA,"",""
"96","R-002","Plate4-P04",150739,136462,"P04",127217,"Plate4","0","D","N1_S2_RPP30","4",4,NA,4,"20uL","taqpath",500,50,50,"taqpath/mns ns","924dil4_20xlower",NA,"copies_per_ml_lysate","04","P","GTATGTACCA","AAGCATGCCA","GTATGTACCA","AAGCATGCCA",127217,9245,14277,0,13.7592472420506,TRUE,"TRUE",25,22.9,23.8,30.5,"Positive",NA,NA,"",""
"97","R-003","Plate4-B16",217597,203886,"B16",202959,"Plate4","0","D","N1_S2_RPP30","4",4,NA,4,"20uL","taqpath",500,50,50,"taqpath/mns ns","924dil4_20xlower",NA,"copies_per_ml_lysate","16","B","CATCCTATGA","CTGTGAAGTA","CATCCTATGA","CTGTGAAGTA",202959,927,13711,0,218.706896551724,TRUE,"TRUE",1,12.1,12.7,34.7,"Positive",NA,NA,"11-32.5","12-31"
"98","R-003","Plate4-B15",202684,190690,"B15",189717,"Plate4","0","C","N1_S2_RPP30","4",4,NA,4,"20uL","taqpath",500,50,50,"taqpath/mns ns","924dil4_20xlower",NA,"copies_per_ml_lysate","15","B","GGAACTCTTA","TATAGAGGCG","GGAACTCTTA","TATAGAGGCG",189655,1035,11994,0,183.065637065637,TRUE,"TRUE",1,12.1,12.7,34.7,"Positive",NA,NA,"11-32.5","12-31"
"99","R-004","Plate4-L19",202924,193794,"L19",192609,"Plate4","0","C","N1_S2_RPP30","4",4,NA,4,"20uL","taqpath",500,50,50,"taqpath/mns ns","924dil4_20xlower",NA,"copies_per_ml_lysate","19","L","GCTTATGTCC","GCTGTTAAGG","GCTTATGTCC","GCTGTTAAGG",192607,1187,9130,0,162.127946127946,TRUE,"TRUE",8,15.6,16.2,31.3,"Positive",NA,NA,"Ct","Count"
"100","R-004","Plate4-L20",11163,8189,"L20",7673,"Plate4","0","D","N1_S2_RPP30","4",4,NA,4,"20uL","taqpath",500,50,50,"taqpath/mns ns","924dil4_20xlower",NA,"copies_per_ml_lysate","20","L","TTCGTCGTCC","GTCTAGTAGT","TTCGTCGTCC","GTCTAGTAGT",7673,516,2974,0,14.8433268858801,TRUE,"TRUE",8,15.6,16.2,31.3,"Positive",NA,NA,"Ct","Count"
"101","R-005","Plate4-L15",185145,170417,"L15",141698,"Plate4","0","C","N1_S2_RPP30","4",4,NA,4,"20uL","taqpath",500,50,50,"taqpath/mns ns","924dil4_20xlower",NA,"copies_per_ml_lysate","15","L","ATGCTAAGTC","GTGATAGTGT","ATGCTAAGTC","GTGATAGTGT",141696,28721,14728,0,4.93339600306385,TRUE,"TRUE",3,18.6,19.1,30.5,"Positive",NA,NA,"",""
"102","R-005","Plate4-L16",151595,139072,"L16",95610,"Plate4","0","D","N1_S2_RPP30","4",4,NA,4,"20uL","taqpath",500,50,50,"taqpath/mns ns","924dil4_20xlower",NA,"copies_per_ml_lysate","16","L","GCTGTGTAGA","GATTCATGAC","GCTGTGTAGA","GATTCATGAC",95610,43462,12523,0,2.19982513862366,TRUE,"TRUE",3,18.6,19.1,30.5,"Positive",NA,NA,"",""
"103","R-006","Plate4-P17",192519,179881,"P17",167732,"Plate4","0","C","N1_S2_RPP30","4",4,NA,4,"20uL","taqpath",500,50,50,"taqpath/mns ns","924dil4_20xlower",NA,"copies_per_ml_lysate","17","P","GCAATGTAGT","GACTGGCGTT","GCAATGTAGT","GACTGGCGTT",167732,12149,12638,0,13.8051851851852,TRUE,"TRUE",6,19,19.5,31.3,"Positive",NA,NA,"",""
"104","R-006","Plate4-P18",23770,14632,"P18",10113,"Plate4","0","D","N1_S2_RPP30","4",4,NA,4,"20uL","taqpath",500,50,50,"taqpath/mns ns","924dil4_20xlower",NA,"copies_per_ml_lysate","18","P","GCTATGACTG","GTGTCTAAGT","GCTATGACTG","GTGTCTAAGT",10113,4519,9138,0,2.23761061946903,TRUE,"TRUE",6,19,19.5,31.3,"Positive",NA,NA,"",""
"105","R-012","Plate4-F05",202020,192439,"F05",192136,"Plate4","0","C","N1_S2_RPP30","4",4,NA,4,"20uL","taqpath",500,50,50,"taqpath/mns ns","924dil4_20xlower",NA,"copies_per_ml_lysate","05","F","GGTCAGGATC","GCCATTAGAG","GGTCAGGATC","GCCATTAGAG",192115,324,9581,0,591.126153846154,TRUE,"TRUE",32,14,14.6,36.2,"Positive",NA,NA,"",""
"106","R-012","Plate4-F06",214986,200978,"F06",200339,"Plate4","0","D","N1_S2_RPP30","4",4,NA,4,"20uL","taqpath",500,50,50,"taqpath/mns ns","924dil4_20xlower",NA,"copies_per_ml_lysate","06","F","CTCGTTAGCT","AGCTCATCGT","CTCGTTAGCT","AGCTCATCGT",200339,639,14008,0,313.03125,TRUE,"TRUE",32,14,14.6,36.2,"Positive",NA,NA,"",""
"107","R-014","Plate4-H17",265089,253271,"H17",249135,"Plate4","0","C","N1_S2_RPP30","4",4,NA,4,"20uL","taqpath",500,50,50,"taqpath/mns ns","924dil4_20xlower",NA,"copies_per_ml_lysate","17","H","GTGCTCTTGA","GGTCGTATAG","GTGCTCTTGA","GGTCGTATAG",249125,4146,11818,0,60.0737882806848,TRUE,"TRUE",5,18,18.8,32.2,"Positive",NA,NA,"",""
"108","R-014","Plate4-H18",151698,147360,"H18",141931,"Plate4","0","D","N1_S2_RPP30","4",4,NA,4,"20uL","taqpath",500,50,50,"taqpath/mns ns","924dil4_20xlower",NA,"copies_per_ml_lysate","18","H","GCCTAATCTC","CTGTAGAGTT","GCCTAATCTC","CTGTAGAGTT",141931,5429,4338,0,26.1384898710866,TRUE,"TRUE",5,18,18.8,32.2,"Positive",NA,NA,"",""
"109","R-022","Plate4-L05",192883,182200,"L05",181745,"Plate4","0","C","N1_S2_RPP30","4",4,NA,4,"20uL","taqpath",500,50,50,"taqpath/mns ns","924dil4_20xlower",NA,"copies_per_ml_lysate","05","L","ACCGCAGGAT","GAGATTCTCT","ACCGCAGGAT","GAGATTCTCT",181740,460,10683,0,394.232104121475,TRUE,"TRUE",47,17,17.2,32.7,"Positive",NA,NA,"",""
"110","R-022","Plate4-L06",205977,198739,"L06",196256,"Plate4","0","D","N1_S2_RPP30","4",4,NA,4,"20uL","taqpath",500,50,50,"taqpath/mns ns","924dil4_20xlower",NA,"copies_per_ml_lysate","06","L","GAGACGTTGC","GCTGACTCAT","GAGACGTTGC","GCTGACTCAT",196256,2483,7238,0,79.0084541062802,TRUE,"TRUE",47,17,17.2,32.7,"Positive",NA,NA,"",""
"111","R-031","Plate4-B18",36786,27164,"B18",0,"Plate4","0","D","N1_S2_RPP30","4",4,NA,4,"20uL","taqpath",500,50,50,"taqpath/mns ns","924dil4_20xlower",NA,"copies_per_ml_lysate","18","B","GCCTTAGATA","ATAGCCGTCC","GCCTTAGATA","ATAGCCGTCC",0,27164,9622,0,3.68120743603902e-05,TRUE,"FALSE",53,0,0,NA,"Negative",NA,NA,"",""
"112","R-031","Plate4-B17",44469,32990,"B17",199,"Plate4","0","C","N1_S2_RPP30","4",4,NA,4,"20uL","taqpath",500,50,50,"taqpath/mns ns","924dil4_20xlower",NA,"copies_per_ml_lysate","17","B","CGCTGATCAA","CTGTGTGGAA","CGCTGATCAA","CTGTGTGGAA",139,32851,11479,0,0.00426153658833557,TRUE,"TRUE",53,0,0,NA,"Negative",NA,NA,"",""
"113","R-032","Plate4-D20",83630,69857,"D20",1,"Plate4","0","D","N1_S2_RPP30","4",4,NA,4,"20uL","taqpath",500,50,50,"taqpath/mns ns","924dil4_20xlower",NA,"copies_per_ml_lysate","20","D","CATTGCTATC","CTGTTCATGG","CATTGCTATC","CTGTTCATGG",1,69856,13773,0,2.86299153986e-05,TRUE,"FALSE",59,0,0,NA,"Negative",NA,NA,"",""
"114","R-032","Plate4-D19",44401,40640,"D19",35,"Plate4","0","C","N1_S2_RPP30","4",4,NA,4,"20uL","taqpath",500,50,50,"taqpath/mns ns","924dil4_20xlower",NA,"copies_per_ml_lysate","19","D","CTACTAACTC","CGAAGGAGCT","CTACTAACTC","CGAAGGAGCT",1,40639,3761,0,4.92125984251968e-05,TRUE,"FALSE",59,0,0,NA,"Negative",NA,NA,"",""
"115","R-033","Plate4-L10",107803,100245,"L10",2,"Plate4","0","D","N1_S2_RPP30","4",4,NA,4,"20uL","taqpath",500,50,50,"taqpath/mns ns","924dil4_20xlower",NA,"copies_per_ml_lysate","10","L","CAGCACTAAG","GCTCCATACT","CAGCACTAAG","GCTCCATACT",2,100243,7558,0,2.99269781732573e-05,TRUE,"FALSE",38,0,0,32,"Negative",NA,NA,"",""
"116","R-033","Plate4-L09",124509,116160,"L09",7,"Plate4","0","C","N1_S2_RPP30","4",4,NA,4,"20uL","taqpath",500,50,50,"taqpath/mns ns","924dil4_20xlower",NA,"copies_per_ml_lysate","09","L","TTCTATGTGC","GCTCAGACTC","TTCTATGTGC","GCTCAGACTC",0,116160,8349,0,8.6087413159322e-06,TRUE,"FALSE",38,0,0,32,"Negative",NA,NA,"",""
"117","R-034","Plate4-B19",129731,116350,"B19",98,"Plate4","0","C","N1_S2_RPP30","4",4,NA,4,"20uL","taqpath",500,50,50,"taqpath/mns ns","924dil4_20xlower",NA,"copies_per_ml_lysate","19","B","CACGTAATCC","GGACAATTCC","CACGTAATCC","GGACAATTCC",3,116347,13381,0,3.43796197614054e-05,TRUE,"FALSE",58,0,0,NA,"Negative",NA,NA,"",""
"118","R-034","Plate4-B20",54405,47743,"B20",87,"Plate4","0","D","N1_S2_RPP30","4",4,NA,4,"20uL","taqpath",500,50,50,"taqpath/mns ns","924dil4_20xlower",NA,"copies_per_ml_lysate","20","B","ACCGCTTATG","CGAAGCTCTG","ACCGCTTATG","CGAAGCTCTG",1,47742,6662,0,4.18909578367509e-05,TRUE,"FALSE",58,0,0,NA,"Negative",NA,NA,"",""
"119","R-035","Plate4-H19",76365,65409,"H19",17,"Plate4","0","C","N1_S2_RPP30","4",4,NA,4,"20uL","taqpath",500,50,50,"taqpath/mns ns","924dil4_20xlower",NA,"copies_per_ml_lysate","19","H","GCTTCAATAC","CTGTATGCCT","GCTTCAATAC","CTGTATGCCT",2,65407,10956,0,4.58659491193738e-05,TRUE,"FALSE",60,0,0,NA,"Negative",NA,NA,"",""
"120","R-035","Plate4-H20",72793,61424,"H20",1,"Plate4","0","D","N1_S2_RPP30","4",4,NA,4,"20uL","taqpath",500,50,50,"taqpath/mns ns","924dil4_20xlower",NA,"copies_per_ml_lysate","20","H","GTATAGTTCC","CTGTACTAGG","GTATAGTTCC","CTGTACTAGG",1,61423,11369,0,3.25605626465225e-05,TRUE,"FALSE",60,0,0,NA,"Negative",NA,NA,"",""
"121","R-036","Plate4-H10",108070,107809,"H10",1,"Plate4","0","D","N1_S2_RPP30","4",4,NA,4,"20uL","taqpath",500,50,50,"taqpath/mns ns","924dil4_20xlower",NA,"copies_per_ml_lysate","10","H","AGATGTTAGG","TGTTCTCCGG","AGATGTTAGG","TGTTCTCCGG",1,107808,261,0,1.85513268836554e-05,TRUE,"FALSE",36,0,0,32,"Negative",NA,NA,"",""
"122","R-036","Plate4-H09",140667,129025,"H09",9,"Plate4","0","C","N1_S2_RPP30","4",4,NA,4,"20uL","taqpath",500,50,50,"taqpath/mns ns","924dil4_20xlower",NA,"copies_per_ml_lysate","09","H","GTAGAACGAC","ATTGCGTCCT","GTAGAACGAC","ATTGCGTCCT",0,129025,11642,0,7.75037589323082e-06,TRUE,"FALSE",36,0,0,32,"Negative",NA,NA,"",""
"123","R-038","Plate4-D09",104055,90693,"D09",45,"Plate4","0","C","N1_S2_RPP30","4",4,NA,4,"20uL","taqpath",500,50,50,"taqpath/mns ns","924dil4_20xlower",NA,"copies_per_ml_lysate","09","D","CCTACGTAGC","CCGTGATCCT","CCTACGTAGC","CCGTGATCCT",0,90693,13362,0,1.10260877235539e-05,TRUE,"FALSE",34,0,0,32.7,"Negative",NA,NA,"",""
"124","R-038","Plate4-D10",49643,42432,"D10",0,"Plate4","0","D","N1_S2_RPP30","4",4,NA,4,"20uL","taqpath",500,50,50,"taqpath/mns ns","924dil4_20xlower",NA,"copies_per_ml_lysate","10","D","ACATTGCGTA","GCTCTATTAC","ACATTGCGTA","GCTCTATTAC",0,42432,7211,0,2.35665637593383e-05,TRUE,"FALSE",34,0,0,32.7,"Negative",NA,NA,"",""
"125","R-039","Plate4-J19",16222,7559,"J19",5,"Plate4","0","C","N1_S2_RPP30","4",4,NA,4,"20uL","taqpath",500,50,50,"taqpath/mns ns","924dil4_20xlower",NA,"copies_per_ml_lysate","19","J","AACCATCCGC","GGTTCTAATG","AACCATCCGC","GGTTCTAATG",0,7559,8663,0,0.000132275132275132,TRUE,"FALSE",61,0,0,NA,"Negative",NA,NA,"",""
"126","R-039","Plate4-J20",5922,156,"J20",0,"Plate4","0","D","N1_S2_RPP30","4",4,NA,4,"20uL","taqpath",500,50,50,"taqpath/mns ns","924dil4_20xlower",NA,"copies_per_ml_lysate","20","J","AAGCACCGAT","GGTGTATCTT","AAGCACCGAT","GGTGTATCTT",0,156,5766,0,0.00636942675159236,TRUE,"Inconclusive",61,0,0,NA,"Negative",NA,NA,"",""
"127","R-040","Plate4-N20",46551,35347,"N20",0,"Plate4","0","D","N1_S2_RPP30","4",4,NA,4,"20uL","taqpath",500,50,50,"taqpath/mns ns","924dil4_20xlower",NA,"copies_per_ml_lysate","20","N","GTTGTCCTGC","GGTGATATCG","GTTGTCCTGC","GGTGATATCG",0,35347,11204,0,2.82901437139301e-05,TRUE,"FALSE",62,0,0,NA,"Negative",NA,NA,"",""
"128","R-040","Plate4-N19",34329,26801,"N19",0,"Plate4","0","C","N1_S2_RPP30","4",4,NA,4,"20uL","taqpath",500,50,50,"taqpath/mns ns","924dil4_20xlower",NA,"copies_per_ml_lysate","19","N","GGCTTATACG","GGTGAGTAGT","GGCTTATACG","GGTGAGTAGT",0,26801,7528,0,3.73106484590702e-05,TRUE,"FALSE",62,0,0,NA,"Negative",NA,NA,"",""
"129","R-041","Plate4-P19",109733,95877,"P19",3,"Plate4","0","C","N1_S2_RPP30","4",4,NA,4,"20uL","taqpath",500,50,50,"taqpath/mns ns","924dil4_20xlower",NA,"copies_per_ml_lysate","19","P","TTGCAGGCTC","CTGTCGTTCG","TTGCAGGCTC","CTGTCGTTCG",3,95874,13856,0,4.17209908735332e-05,TRUE,"FALSE",63,0,0,NA,"Negative",NA,NA,"",""
"130","R-041","Plate4-P20",54800,45452,"P20",1,"Plate4","0","D","N1_S2_RPP30","4",4,NA,4,"20uL","taqpath",500,50,50,"taqpath/mns ns","924dil4_20xlower",NA,"copies_per_ml_lysate","20","P","ATGCGTACAA","CTGTCGGATC","ATGCGTACAA","CTGTCGGATC",1,45451,9348,0,4.40024641379917e-05,TRUE,"FALSE",63,0,0,NA,"Negative",NA,NA,"",""
"131","R-042","Plate4-D22",103393,92104,"D22",0,"Plate4","0","D","N1_S2_RPP30","4",4,NA,4,"20uL","taqpath",500,50,50,"taqpath/mns ns","924dil4_20xlower",NA,"copies_per_ml_lysate","22","D","GGAATGTCGA","GCCGCAATTC","GGAATGTCGA","GCCGCAATTC",0,92104,11289,0,1.08571738776397e-05,TRUE,"FALSE",64,0,0,NA,"Negative",NA,NA,"",""
"132","R-042","Plate4-D21",94220,81861,"D21",48,"Plate4","0","C","N1_S2_RPP30","4",4,NA,4,"20uL","taqpath",500,50,50,"taqpath/mns ns","924dil4_20xlower",NA,"copies_per_ml_lysate","21","D","GCCGTTATGA","TAGCACCATC","GCCGTTATGA","TAGCACCATC",3,81858,12359,0,4.88645109273263e-05,TRUE,"FALSE",64,0,0,NA,"Negative",NA,NA,"",""
"133","R-047","Plate4-F22",39544,31492,"F22",0,"Plate4","0","D","N1_S2_RPP30","4",4,NA,4,"20uL","taqpath",500,50,50,"taqpath/mns ns","924dil4_20xlower",NA,"copies_per_ml_lysate","22","F","CCAAGTCCTA","CGAAGACTTC","CCAAGTCCTA","CGAAGACTTC",0,31492,8052,0,3.17530879878068e-05,TRUE,"FALSE",65,0,0,NA,"Negative",NA,NA,"",""
"134","R-047","Plate4-F21",31665,31114,"F21",26,"Plate4","0","C","N1_S2_RPP30","4",4,NA,4,"20uL","taqpath",500,50,50,"taqpath/mns ns","924dil4_20xlower",NA,"copies_per_ml_lysate","21","F","ATCGACTTCC","TAGCGTGATG","ATCGACTTCC","TAGCGTGATG",0,31114,551,0,3.21388397878837e-05,TRUE,"FALSE",65,0,0,NA,"Negative",NA,NA,"",""
"135","R-048","Plate4-J22",18474,13654,"J22",1,"Plate4","0","D","N1_S2_RPP30","4",4,NA,4,"20uL","taqpath",500,50,50,"taqpath/mns ns","924dil4_20xlower",NA,"copies_per_ml_lysate","22","J","TAGCTTCGAT","GAAGCAGCGT","TAGCTTCGAT","GAAGCAGCGT",1,13653,4820,0,0.000146477222791856,TRUE,"FALSE",66,0,0,NA,"Negative",NA,NA,"",""
"136","R-048","Plate4-J21",40032,29625,"J21",9,"Plate4","0","C","N1_S2_RPP30","4",4,NA,4,"20uL","taqpath",500,50,50,"taqpath/mns ns","924dil4_20xlower",NA,"copies_per_ml_lysate","21","J","TTGCTTGGAG","GGTGTAAGGT","TTGCTTGGAG","GGTGTAAGGT",0,29625,10407,0,3.3754134881523e-05,TRUE,"FALSE",66,0,0,NA,"Negative",NA,NA,"",""
"137","R-049","Plate4-L22",34246,33267,"L22",1,"Plate4","0","D","N1_S2_RPP30","4",4,NA,4,"20uL","taqpath",500,50,50,"taqpath/mns ns","924dil4_20xlower",NA,"copies_per_ml_lysate","22","L","AACAAGGACG","GATCGTGCTT","AACAAGGACG","GATCGTGCTT",1,33266,979,0,6.01196380797788e-05,TRUE,"FALSE",67,0,0,NA,"Negative",NA,NA,"",""
"138","R-049","Plate4-L21",82836,77776,"L21",1,"Plate4","0","C","N1_S2_RPP30","4",4,NA,4,"20uL","taqpath",500,50,50,"taqpath/mns ns","924dil4_20xlower",NA,"copies_per_ml_lysate","21","L","AATGCGCTAT","GTCAGTTCCT","AATGCGCTAT","GTCAGTTCCT",0,77776,5060,0,1.28572714298572e-05,TRUE,"FALSE",67,0,0,NA,"Negative",NA,NA,"",""
