"","virus_identity","Sample","well_total","Stotal","Sample_Well","S2_total_across_all_wells","Plate_ID","lysate","virus_copy","bc_set","Plate_384","Plate_384_Number","Plate_384_Quadrant","IndexSet","MasterMixVol","RT","SpikeCopies","RPP_strategy","PCR_cycles","Description","Dilution","Heat","VirusUnits","Col","Row","S_index","S_index2","R_index","R_index2","S2","S2_spike","RPP30","RPP30_spike","S2_normalized_to_S2_spike","RPP30_Detected","SARS_COV_2_Detected","X","Ct","ORF1","RNA.internal.Control","NPResult","X.2","X.3","X.4","X.5"
"1","","Plate15-A04",99927,79004,"A04",0,"Plate15","",NA,"N1_S2_RPP30","1",4,"D","D","20uL","taqpath",500,50,50,"Q4 V37 - NS MNS Clin Samples 1:4",NA,NA,"copies_per_ml_lysate","04","A","TTCGCCACAG","AACATTCGCA","TCCTGGTGAC","CATGATAGAC",0,79004,0,20923,1.26574267451427e-05,FALSE,"Inconclusive",NA,NA,NA,NA,NA,NA,NA,NA,NA
"2","","Plate15-A07",15055,1246,"A07",0,"Plate15","",NA,"N1_S2_RPP30","1",4,"D","D","20uL","taqpath",500,50,50,"Q4 V37 - NS MNS Clin Samples 1:4",NA,NA,"copies_per_ml_lysate","07","A","CTCCGCATTC","CCTCTCCGTT","AAGAACCTTC","AACTCTACTG",0,1246,0,13809,0.000801924619085806,FALSE,"Inconclusive",NA,NA,NA,NA,NA,NA,NA,NA,NA
"3","","Plate15-A12",98153,65621,"A12",0,"Plate15","",NA,"N1_S2_RPP30","1",4,"D","D","20uL","taqpath",500,50,50,"Q4 V37 - NS MNS Clin Samples 1:4",NA,NA,"copies_per_ml_lysate","12","A","GACTTGGTAC","TCACTAACGG","AGTGACTCGC","TTGAACAGCT",0,65621,0,32532,1.52387918685807e-05,FALSE,"Inconclusive",NA,NA,NA,NA,NA,NA,NA,NA,NA
"4","","Plate15-B04",97671,82146,"B04",0,"Plate15","",NA,"N1_S2_RPP30","1",4,"D","D","20uL","taqpath",500,50,50,"Q4 V37 - NS MNS Clin Samples 1:4",NA,NA,"copies_per_ml_lysate","04","B","CATCCGGTAG","CAACACACAA","CTGTCAGTGA","GATCTGCTAA",0,82146,0,15525,1.21732990857852e-05,FALSE,"Inconclusive",NA,NA,NA,NA,NA,NA,NA,NA,NA
"5","","Plate15-B07",33978,26310,"B07",0,"Plate15","",NA,"N1_S2_RPP30","1",4,"D","D","20uL","taqpath",500,50,50,"Q4 V37 - NS MNS Clin Samples 1:4",NA,NA,"copies_per_ml_lysate","07","B","TACCTCATCG","AGCATGTAGA","TCAGTAAGCT","GCTGACATTC",0,26310,18,7650,3.80069172589411e-05,TRUE,"FALSE",NA,NA,NA,NA,NA,NA,NA,NA,NA
"6","","Plate15-B12",193278,187018,"B12",0,"Plate15","",NA,"N1_S2_RPP30","1",4,"D","D","20uL","taqpath",500,50,50,"Q4 V37 - NS MNS Clin Samples 1:4",NA,NA,"copies_per_ml_lysate","12","B","GCTACTTAAC","TCGAGTAACC","CCTCCATCTG","ACCAAGGAAT",0,187018,0,6260,5.34705029970217e-06,FALSE,"Inconclusive",NA,NA,NA,NA,NA,NA,NA,NA,NA
"7","","Plate15-C04",72228,62688,"C04",0,"Plate15","",NA,"N1_S2_RPP30","1",4,"D","D","20uL","taqpath",500,50,50,"Q4 V37 - NS MNS Clin Samples 1:4",NA,NA,"copies_per_ml_lysate","04","C","GGAAGTACTG","AGTCGGTGAG","TTGCCGCTAT","GAGCTCCTTA",0,62688,0,9540,1.59517618720988e-05,FALSE,"Inconclusive",NA,NA,NA,NA,NA,NA,NA,NA,NA
"8","","Plate15-C07",159604,139412,"C07",0,"Plate15","",NA,"N1_S2_RPP30","1",4,"D","D","20uL","taqpath",500,50,50,"Q4 V37 - NS MNS Clin Samples 1:4",NA,NA,"copies_per_ml_lysate","07","C","TCTCTCGTTC","GGAGCATAAC","CGTGTTCATC","CCGAATATGC",0,139412,0,20192,7.17293222296343e-06,FALSE,"Inconclusive",NA,NA,NA,NA,NA,NA,NA,NA,NA
"9","","Plate15-C12",169050,147179,"C12",1,"Plate15","",NA,"N1_S2_RPP30","1",4,"D","D","20uL","taqpath",500,50,50,"Q4 V37 - NS MNS Clin Samples 1:4",NA,NA,"copies_per_ml_lysate","12","C","CAGAGAATCT","ACGACGCGTA","ACCGCTGTAC","CAGTTCGCTA",0,147179,0,21871,6.79440141323549e-06,FALSE,"Inconclusive",NA,NA,NA,NA,NA,NA,NA,NA,NA
"10","","Plate15-D04",98200,83641,"D04",1,"Plate15","",NA,"N1_S2_RPP30","1",4,"D","D","20uL","taqpath",500,50,50,"Q4 V37 - NS MNS Clin Samples 1:4",NA,NA,"copies_per_ml_lysate","04","D","TCCGATGTGG","ACGCATCTTC","CCGACCTTAA","GGAAGTACTG",1,83640,1,14558,2.39117179373752e-05,FALSE,"Inconclusive",NA,NA,NA,NA,NA,NA,NA,NA,NA
"11","","Plate15-D07",141994,127880,"D07",0,"Plate15","",NA,"N1_S2_RPP30","1",4,"D","D","20uL","taqpath",500,50,50,"Q4 V37 - NS MNS Clin Samples 1:4",NA,NA,"copies_per_ml_lysate","07","D","CATTCTAAGG","CAAGAAGTCG","GTGCCATTGC","GTAGAAGTGG",0,127880,2,14112,7.8197699423683e-06,FALSE,"Inconclusive",NA,NA,NA,NA,NA,NA,NA,NA,NA
"12","","Plate15-D12",250819,231021,"D12",0,"Plate15","",NA,"N1_S2_RPP30","1",4,"D","D","20uL","taqpath",500,50,50,"Q4 V37 - NS MNS Clin Samples 1:4",NA,NA,"copies_per_ml_lysate","12","D","AGGCGTAACG","ATAACTCGGA","ATTCCTAACC","GAGTCAGACA",0,231021,136,19662,4.32859208213936e-06,TRUE,"FALSE",NA,NA,NA,NA,NA,NA,NA,NA,NA
"13","","Plate15-E04",47167,24018,"E04",0,"Plate15","",NA,"N1_S2_RPP30","1",4,"D","D","20uL","taqpath",500,50,50,"Q4 V37 - NS MNS Clin Samples 1:4",NA,NA,"copies_per_ml_lysate","04","E","GTATCACTCC","CGCTGATCAA","CTCATGACAC","CGCTACAGTC",0,24018,20,23129,4.1633706648903e-05,TRUE,"FALSE",NA,NA,NA,NA,NA,NA,NA,NA,NA
"14","","Plate15-E06",165843,149469,"E06",0,"Plate15","",NA,"N1_S2_RPP30","1",4,"D","D","20uL","taqpath",500,50,50,"Q4 V37 - NS MNS Clin Samples 1:4",NA,NA,"copies_per_ml_lysate","06","E","TCGTGGAGAT","CGTTATCAGT","CCATACAGAC","GCTGAAGTGA",0,149469,0,16374,6.69030574697264e-06,FALSE,"Inconclusive",NA,NA,NA,NA,NA,NA,NA,NA,NA
"15","","Plate15-E07",81655,53953,"E07",0,"Plate15","",NA,"N1_S2_RPP30","1",4,"D","D","20uL","taqpath",500,50,50,"Q4 V37 - NS MNS Clin Samples 1:4",NA,NA,"copies_per_ml_lysate","07","E","GCATGTGACT","ATATGCCGCG","TGTCGATAGG","GAAGTTAGGC",0,53953,1,27701,1.85343070022612e-05,FALSE,"Inconclusive",NA,NA,NA,NA,NA,NA,NA,NA,NA
"16","","Plate15-E12",143664,123028,"E12",0,"Plate15","",NA,"N1_S2_RPP30","1",4,"D","D","20uL","taqpath",500,50,50,"Q4 V37 - NS MNS Clin Samples 1:4",NA,NA,"copies_per_ml_lysate","12","E","GAGCTTCCGT","ACGCTCGCTA","CGCAAGATAA","TCGAGGTTGT",0,123028,38,20598,8.12816490420958e-06,TRUE,"FALSE",NA,NA,NA,NA,NA,NA,NA,NA,NA
"17","","Plate15-F04",36579,23779,"F04",0,"Plate15","",NA,"N1_S2_RPP30","1",4,"D","D","20uL","taqpath",500,50,50,"Q4 V37 - NS MNS Clin Samples 1:4",NA,NA,"copies_per_ml_lysate","04","F","ACGGTGGACT","CGATCGCTCT","GCTCGGTCTT","TCAACATGCT",0,23779,1,12799,4.20521446593776e-05,FALSE,"Inconclusive",NA,NA,NA,NA,NA,NA,NA,NA,NA
"18","","Plate15-F06",74567,74530,"F06",0,"Plate15","",NA,"N1_S2_RPP30","1",4,"D","D","20uL","taqpath",500,50,50,"Q4 V37 - NS MNS Clin Samples 1:4",NA,NA,"copies_per_ml_lysate","06","F","GAGCTGTATA","CGTGTCTCTA","CGCCTAGATC","ATCGACTCGG",0,74530,0,37,1.34172357810844e-05,FALSE,"Inconclusive",NA,NA,NA,NA,NA,NA,NA,NA,NA
"19","","Plate15-F07",63987,63074,"F07",0,"Plate15","",NA,"N1_S2_RPP30","1",4,"D","D","20uL","taqpath",500,50,50,"Q4 V37 - NS MNS Clin Samples 1:4",NA,NA,"copies_per_ml_lysate","07","F","TCAATGACTC","CTCTTGCATC","AAGTCTGTAC","AGTTGTGAAC",0,63074,0,913,1.585414189457e-05,FALSE,"Inconclusive",NA,NA,NA,NA,NA,NA,NA,NA,NA
"20","","Plate15-F12",224988,224973,"F12",0,"Plate15","",NA,"N1_S2_RPP30","1",4,"D","D","20uL","taqpath",500,50,50,"Q4 V37 - NS MNS Clin Samples 1:4",NA,NA,"copies_per_ml_lysate","12","F","AGTTGGTACG","TATCCTAGTG","GACGTTGTGG","TGTCCACTAT",0,224973,0,15,4.44495808404527e-06,FALSE,"Inconclusive",NA,NA,NA,NA,NA,NA,NA,NA,NA
"21","","Plate15-G03",146650,146284,"G03",0,"Plate15","",NA,"N1_S2_RPP30","1",4,"D","D","20uL","taqpath",500,50,50,"Q4 V37 - NS MNS Clin Samples 1:4",NA,NA,"copies_per_ml_lysate","03","G","TCTGACATGT","CAGCAAGAGT","CCTGACTAAG","ATTCAGTTCG",0,146284,0,366,6.83597087876406e-06,FALSE,"Inconclusive",NA,NA,NA,NA,NA,NA,NA,NA,NA
"22","","Plate15-G04",211845,206830,"G04",0,"Plate15","",NA,"N1_S2_RPP30","1",4,"D","D","20uL","taqpath",500,50,50,"Q4 V37 - NS MNS Clin Samples 1:4",NA,NA,"copies_per_ml_lysate","04","G","TCGTTAGCAA","ACACCTGACT","TAATTCCGCG","GGTACGTCAC",0,206830,0,5015,4.83486517978446e-06,FALSE,"Inconclusive",NA,NA,NA,NA,NA,NA,NA,NA,NA
"23","","Plate15-G06",127281,127272,"G06",0,"Plate15","",NA,"N1_S2_RPP30","1",4,"D","D","20uL","taqpath",500,50,50,"Q4 V37 - NS MNS Clin Samples 1:4",NA,NA,"copies_per_ml_lysate","06","G","AAGGCTGATC","CGTCCTACCT","CTGGAGTCTT","AGGTCTCCAG",0,127272,0,9,7.85712602044424e-06,FALSE,"Inconclusive",NA,NA,NA,NA,NA,NA,NA,NA,NA
"24","","Plate15-G07",154353,150167,"G07",0,"Plate15","",NA,"N1_S2_RPP30","1",4,"D","D","20uL","taqpath",500,50,50,"Q4 V37 - NS MNS Clin Samples 1:4",NA,NA,"copies_per_ml_lysate","07","G","TCACTCACTT","AACCTCTCTA","TTAGATCGCT","TCCTCAGATC",0,150167,0,4186,6.65920835331096e-06,FALSE,"Inconclusive",NA,NA,NA,NA,NA,NA,NA,NA,NA
"25","","Plate15-H11",98131,72976,"H11",0,"Plate15","",NA,"N1_S2_RPP30","1",4,"D","D","20uL","taqpath",500,50,50,"Q4 V37 - NS MNS Clin Samples 1:4",NA,NA,"copies_per_ml_lysate","11","H","TTGTCAGTCG","ACAACGAACT","GAATGGATGG","AATTATGGCG",0,72976,0,25155,1.37029475040081e-05,FALSE,"Inconclusive",NA,NA,NA,NA,NA,NA,NA,NA,NA
"26","","Plate15-G11",69717,67180,"G11",0,"Plate15","",NA,"N1_S2_RPP30","1",4,"D","D","20uL","taqpath",500,50,50,"Q4 V37 - NS MNS Clin Samples 1:4",NA,NA,"copies_per_ml_lysate","11","G","ATTGGTCCGG","CGACGTTGGT","AGACTGAGGA","TCTATTGTGG",0,67180,0,2537,1.4885160983016e-05,FALSE,"Inconclusive",NA,NA,NA,NA,NA,NA,NA,NA,NA
"27","","Plate15-G12",64634,60209,"G12",0,"Plate15","",NA,"N1_S2_RPP30","1",4,"D","D","20uL","taqpath",500,50,50,"Q4 V37 - NS MNS Clin Samples 1:4",NA,NA,"copies_per_ml_lysate","12","G","CCAAGGTCTT","CGCTATTCTA","CACCAGACAT","GAGGAGAGTA",0,60209,0,4425,1.6608536787909e-05,FALSE,"Inconclusive",NA,NA,NA,NA,NA,NA,NA,NA,NA
"28","","Plate15-H03",26137,8317,"H03",0,"Plate15","",NA,"N1_S2_RPP30","1",4,"D","D","20uL","taqpath",500,50,50,"Q4 V37 - NS MNS Clin Samples 1:4",NA,NA,"copies_per_ml_lysate","03","H","CAGCTGATGG","CGTGAGTGTA","GCTCTCCATC","GAGTAGGACC",0,8317,0,17820,0.000120221207020918,FALSE,"Inconclusive",NA,NA,NA,NA,NA,NA,NA,NA,NA
"29","","Plate15-H04",114518,102711,"H04",0,"Plate15","",NA,"N1_S2_RPP30","1",4,"D","D","20uL","taqpath",500,50,50,"Q4 V37 - NS MNS Clin Samples 1:4",NA,NA,"copies_per_ml_lysate","04","H","ACAGTATACG","ATCAGTGTCC","GTCAGCAAGC","GCAACACGCA",0,102711,0,11807,9.73596074460628e-06,FALSE,"Inconclusive",NA,NA,NA,NA,NA,NA,NA,NA,NA
"30","","Plate15-H06",109971,88690,"H06",1,"Plate15","",NA,"N1_S2_RPP30","1",4,"D","D","20uL","taqpath",500,50,50,"Q4 V37 - NS MNS Clin Samples 1:4",NA,NA,"copies_per_ml_lysate","06","H","GTCTTCAACC","AGTGTTCGAA","CGGTAGGATT","ACGACTCTCT",1,88689,0,21281,2.25504566467471e-05,FALSE,"Inconclusive",NA,NA,NA,NA,NA,NA,NA,NA,NA
"31","","Plate15-H07",138751,101693,"H07",0,"Plate15","",NA,"N1_S2_RPP30","1",4,"D","D","20uL","taqpath",500,50,50,"Q4 V37 - NS MNS Clin Samples 1:4",NA,NA,"copies_per_ml_lysate","07","H","CGTTGACTCA","CTCAGTGCTT","TGTAGCTCGT","TCAGGCGCTT",0,101693,13,37045,9.83342183412984e-06,TRUE,"FALSE",NA,NA,NA,NA,NA,NA,NA,NA,NA
"32","","Plate15-H12",26632,12685,"H12",0,"Plate15","",NA,"N1_S2_RPP30","1",4,"D","D","20uL","taqpath",500,50,50,"Q4 V37 - NS MNS Clin Samples 1:4",NA,NA,"copies_per_ml_lysate","12","H","TACAGTCGTG","AGGCACTACT","CTTATCCTTG","GGAACACCTT",0,12685,0,13947,7.88270534447422e-05,FALSE,"Inconclusive",NA,NA,NA,NA,NA,NA,NA,NA,NA
"33","A-008","Plate15-D03",152543,146386,"D03",107323,"Plate15","A-008",NA,"N1_S2_RPP30","1",4,"D","D","20uL","taqpath",500,50,50,"Q4 V37 - NS MNS Clin Samples 1:4",NA,NA,"copies_per_ml_lysate","03","D","CAACGCTCGA","GAAGCTCGGT","ACGTCCTAGT","TCAGCTTCAA",107323,39063,309,5848,2.74738890026623,TRUE,"TRUE",45,18.7,19,33.3,"Positive",NA,NA,"",""
"34","C-008","Plate15-D11",272930,252715,"D11",250640,"Plate15","C-008",NA,"N1_S2_RPP30","1",4,"D","D","20uL","taqpath",500,50,50,"Q4 V37 - NS MNS Clin Samples 1:4",NA,NA,"copies_per_ml_lysate","11","D","CCGTACGCTT","CTTGCATCAG","AATGGTTCAG","CCATTCCTAG",250639,2076,5338,14877,120.674049109292,TRUE,"TRUE",10,18.9,20,31.6,"Positive",NA,NA,"",""
"35","C-009","Plate15-B09",406468,396800,"B09",393078,"Plate15","C-009",NA,"N1_S2_RPP30","1",4,"D","D","20uL","taqpath",500,50,50,"Q4 V37 - NS MNS Clin Samples 1:4",NA,NA,"copies_per_ml_lysate","09","B","CAAGAACAGT","TGTGAGACAA","CTAATCGTGC","GGACAATTCC",392943,3857,700,8968,101.851736651115,TRUE,"TRUE",4,16.4,18.1,34.1,"Positive",NA,NA,"<20","15"
"36","O-003","Plate15-B08",177866,165737,"B08",42652,"Plate15","O-003",NA,"N1_S2_RPP30","1",4,"D","D","20uL","taqpath",500,50,50,"Q4 V37 - NS MNS Clin Samples 1:4",NA,NA,"copies_per_ml_lysate","08","B","GCTATGACTG","AAGCTCTTCA","CATGTTATGC","GGTGTTCTAG",42652,123085,946,11183,0.346530068407455,TRUE,"TRUE",2,17.7,18.2,30.6,"Positive",NA,NA,"",""
"37","O-009","Plate15-E03",212699,194198,"E03",24830,"Plate15","O-009",NA,"N1_S2_RPP30","1",4,"D","D","20uL","taqpath",500,50,50,"Q4 V37 - NS MNS Clin Samples 1:4",NA,NA,"copies_per_ml_lysate","03","E","TACTGTTGCC","GAAGGCAGTT","AGGCCACTTC","AGTTGCATTC",24829,169369,9088,9413,0.146602113715534,TRUE,"TRUE",46,19.7,20,29.8,"Positive",NA,NA,"",""
"38","O-009","Plate15-E03",212699,194198,"E03",24830,"Plate15","O-009",NA,"N1_S2_RPP30","1",4,"D","D","20uL","taqpath",500,50,50,"Q4 V37 - NS MNS Clin Samples 1:4",NA,NA,"copies_per_ml_lysate","03","E","TACTGTTGCC","GAAGGCAGTT","AGGCCACTTC","AGTTGCATTC",24829,169369,9088,9413,0.146602113715534,TRUE,"TRUE",7,19.7,20,29.8,"Positive",NA,NA,"",""
"39","O-009","Plate15-C10",176106,149727,"C10",85697,"Plate15","O-009",NA,"N1_S2_RPP30","1",4,"D","D","20uL","taqpath",500,50,50,"Q4 V37 - NS MNS Clin Samples 1:4",NA,NA,"copies_per_ml_lysate","10","C","GCTACTATGT","TTGATGGTGG","ACGAAGAACC","TTCTGAGTTG",85697,64030,13012,13367,1.33838297074854,TRUE,"TRUE",46,19.7,20,29.8,"Positive",NA,NA,"",""
"40","O-009","Plate15-C10",176106,149727,"C10",85697,"Plate15","O-009",NA,"N1_S2_RPP30","1",4,"D","D","20uL","taqpath",500,50,50,"Q4 V37 - NS MNS Clin Samples 1:4",NA,NA,"copies_per_ml_lysate","10","C","GCTACTATGT","TTGATGGTGG","ACGAAGAACC","TTCTGAGTTG",85697,64030,13012,13367,1.33838297074854,TRUE,"TRUE",7,19.7,20,29.8,"Positive",NA,NA,"",""
"41","O-010","Plate15-B03",76846,59325,"B03",0,"Plate15","O-010",NA,"N1_S2_RPP30","1",4,"D","D","20uL","taqpath",500,50,50,"Q4 V37 - NS MNS Clin Samples 1:4",NA,NA,"copies_per_ml_lysate","03","B","GCAACACGCA","ATCAGTCCTC","CGTTGGATTA","CTACTCCAAC",0,59325,222,17299,1.6856015912079e-05,TRUE,"FALSE",28,32.5,31,29.2,"Positive",NA,NA,"",""
"42","O-012","Plate15-G02",83350,79551,"G02",23070,"Plate15","O-012",NA,"N1_S2_RPP30","1",4,"D","D","20uL","taqpath",500,50,50,"Q4 V37 - NS MNS Clin Samples 1:4",NA,NA,"copies_per_ml_lysate","02","G","CATAGTCTGA","CTCCATAGAT","ACCTTAGTCT","TTGGCCATGT",23069,56482,574,3225,0.408441477966822,TRUE,"TRUE",26,16.4,17,33.1,"Positive",NA,NA,"20-30","13"
"43","O-012","Plate15-G02",83350,79551,"G02",23070,"Plate15","O-012",NA,"N1_S2_RPP30","1",4,"D","D","20uL","taqpath",500,50,50,"Q4 V37 - NS MNS Clin Samples 1:4",NA,NA,"copies_per_ml_lysate","02","G","CATAGTCTGA","CTCCATAGAT","ACCTTAGTCT","TTGGCCATGT",23069,56482,574,3225,0.408441477966822,TRUE,"TRUE",29,16.4,17,33.1,"Positive",NA,NA,"30-40","3"
"44","O-013","Plate15-A03",43786,23780,"A03",4077,"Plate15","O-013",NA,"N1_S2_RPP30","1",4,"D","D","20uL","taqpath",500,50,50,"Q4 V37 - NS MNS Clin Samples 1:4",NA,NA,"copies_per_ml_lysate","03","A","TTATCGTTGC","ATAGGATCCA","ATAACCATGC","TCTTCTCGAT",4077,19703,3916,16090,0.20696305318717,TRUE,"TRUE",30,21.3,22,31.6,"Positive",NA,NA,"",""
"45","O-013","Plate15-A03",43786,23780,"A03",4077,"Plate15","O-013",NA,"N1_S2_RPP30","1",4,"D","D","20uL","taqpath",500,50,50,"Q4 V37 - NS MNS Clin Samples 1:4",NA,NA,"copies_per_ml_lysate","03","A","TTATCGTTGC","ATAGGATCCA","ATAACCATGC","TCTTCTCGAT",4077,19703,3916,16090,0.20696305318717,TRUE,"TRUE",27,21.3,22,31.6,"Positive",NA,NA,"",""
"46","O-014","Plate15-A11",333533,316478,"A11",293387,"Plate15","O-014",NA,"N1_S2_RPP30","1",4,"D","D","20uL","taqpath",500,50,50,"Q4 V37 - NS MNS Clin Samples 1:4",NA,NA,"copies_per_ml_lysate","11","A","TACGTTCGCT","GTGCCACAAC","ACGACAGATT","CCGGTTAGGT",293374,23104,259,16796,12.6974680805021,TRUE,"TRUE",9,16.9,17.7,33.1,"Positive",NA,NA,"",""
"47","O-015","Plate15-A01",348844,328540,"A01",29210,"Plate15","O-015",NA,"N1_S2_RPP30","1",4,"D","D","20uL","taqpath",500,50,50,"Q4 V37 - NS MNS Clin Samples 1:4",NA,NA,"copies_per_ml_lysate","01","A","ACGATGAGTC","ATAAGAGGTC","CTCGCTATGT","GTTGAACGTG",29209,299331,2166,18138,0.0975839536033568,TRUE,"TRUE",11,21,20.7,32.6,"Positive",NA,NA,"",""
"48","O-019","Plate15-B01",215316,198217,"B01",137035,"Plate15","O-019",NA,"N1_S2_RPP30","1",4,"D","D","20uL","taqpath",500,50,50,"Q4 V37 - NS MNS Clin Samples 1:4",NA,NA,"copies_per_ml_lysate","01","B","ACCAATTGAG","ACGTTCCTAA","TGGCATGTTA","AGATCAGGAT",136944,61273,609,16490,2.23496099487548,TRUE,"TRUE",12,23.2,23.5,31.2,"Positive",NA,NA,"",""
"49","O-022","Plate15-C01",359916,338308,"C01",315572,"Plate15","O-022",NA,"N1_S2_RPP30","1",4,"D","D","20uL","taqpath",500,50,50,"Q4 V37 - NS MNS Clin Samples 1:4",NA,NA,"copies_per_ml_lysate","01","C","GGTCTTCCTG","TTCAATGGAC","TGAGCATTGT","TCGCCTACTG",315571,22737,1234,20374,13.8786172926379,TRUE,"TRUE",13,18.2,17.5,32.3,"Positive",NA,NA,"",""
"50","O-023","Plate15-D01",334799,311969,"D01",0,"Plate15","O-023",NA,"N1_S2_RPP30","1",4,"D","D","20uL","taqpath",500,50,50,"Q4 V37 - NS MNS Clin Samples 1:4",NA,NA,"copies_per_ml_lysate","01","D","ACTGGATCGA","TATACCGTCA","CATGATACCA","GAGCACTTCC",0,311969,616,22214,3.20543642016861e-06,TRUE,"FALSE",14,30.3,29.4,31.8,"Positive",NA,NA,"",""
"51","O-024","Plate15-E01",155030,145980,"E01",0,"Plate15","O-024",NA,"N1_S2_RPP30","1",4,"D","D","20uL","taqpath",500,50,50,"Q4 V37 - NS MNS Clin Samples 1:4",NA,NA,"copies_per_ml_lysate","01","E","GGTACGTCAC","ATAGGACCGT","CCTATAAGGT","CATGCACTTA",0,145980,694,8356,6.85020653372699e-06,TRUE,"FALSE",15,30,28.4,31.7,"Positive",NA,NA,"",""
"52","O-031","Plate15-C08",16293,9677,"C08",0,"Plate15","O-031",NA,"N1_S2_RPP30","1",4,"D","D","20uL","taqpath",500,50,50,"Q4 V37 - NS MNS Clin Samples 1:4",NA,NA,"copies_per_ml_lysate","08","C","TAACCAGTCT","ATGTTCCTCC","TCGACGTTCG","GTCTCATGAA",0,9677,219,6397,0.000103327133705311,TRUE,"FALSE",48,NA,0,NA,"Negative",NA,NA,"",""
"53","O-032","Plate15-A05",140474,114417,"A05",0,"Plate15","O-032",NA,"N1_S2_RPP30","1",4,"D","D","20uL","taqpath",500,50,50,"Q4 V37 - NS MNS Clin Samples 1:4",NA,NA,"copies_per_ml_lysate","05","A","GGAGTTCTGC","ACTTGTAGGA","CTAGTACCTA","TTACCTCGTA",0,114417,139,25918,8.73988358475065e-06,TRUE,"FALSE",33,NA,0,31.7,"Negative",NA,NA,"",""
"54","O-033","Plate15-G05",28160,27640,"G05",179,"Plate15","O-033",NA,"N1_S2_RPP30","1",4,"D","D","20uL","taqpath",500,50,50,"Q4 V37 - NS MNS Clin Samples 1:4",NA,NA,"copies_per_ml_lysate","05","G","ACTCCGGTCT","AAGTGACCAA","AGATCTCTTG","ACAGTTGCAA",0,27640,1,519,3.61781411671068e-05,FALSE,"Inconclusive",39,NA,0,32.3,"Negative",NA,NA,"",""
"55","O-034","Plate15-C09",77798,68434,"C09",0,"Plate15","O-034",NA,"N1_S2_RPP30","1",4,"D","D","20uL","taqpath",500,50,50,"Q4 V37 - NS MNS Clin Samples 1:4",NA,NA,"copies_per_ml_lysate","09","C","GATGCATAAG","ACCGGATTAA","TAACACGGAC","GCTCTCTAAT",0,68434,423,8941,1.46124059326368e-05,TRUE,"FALSE",54,NA,0,NA,"Negative",NA,NA,"",""
"56","O-035","Plate15-E09",153936,123372,"E09",0,"Plate15","O-035",NA,"N1_S2_RPP30","1",4,"D","D","20uL","taqpath",500,50,50,"Q4 V37 - NS MNS Clin Samples 1:4",NA,NA,"copies_per_ml_lysate","09","E","AATCCGATGG","AAGATGGCGC","CAGGATGTGA","GGATGGCGTA",0,123372,299,30265,8.10550120366693e-06,TRUE,"FALSE",55,NA,0,NA,"Negative",NA,NA,"",""
"57","O-036","Plate15-E05",180710,165828,"E05",0,"Plate15","O-036",NA,"N1_S2_RPP30","1",4,"D","D","20uL","taqpath",500,50,50,"Q4 V37 - NS MNS Clin Samples 1:4",NA,NA,"copies_per_ml_lysate","05","E","ACATTGCCAC","CGTGAACGCA","CTACTTGACC","ATCACGCCTT",0,165828,4,14878,6.0303083296649e-06,FALSE,"Inconclusive",37,NA,0,32.1,"Negative",NA,NA,"",""
"58","O-037","Plate15-F09",29410,28848,"F09",0,"Plate15","O-037",NA,"N1_S2_RPP30","1",4,"D","D","20uL","taqpath",500,50,50,"Q4 V37 - NS MNS Clin Samples 1:4",NA,NA,"copies_per_ml_lysate","09","F","TTCGTGAATG","CATTAGGCGA","TGAGGACTTA","TCACTAGAAC",0,28848,9,553,3.46632465596728e-05,FALSE,"Inconclusive",56,NA,0,NA,"Negative",NA,NA,"",""
"59","O-038","Plate15-C05",277871,258063,"C05",0,"Plate15","O-038",NA,"N1_S2_RPP30","1",4,"D","D","20uL","taqpath",500,50,50,"Q4 V37 - NS MNS Clin Samples 1:4",NA,NA,"copies_per_ml_lysate","05","C","TCACGACATG","TTGGCGATAA","CCGCATCTAT","GTGGCACTGT",0,258063,344,19464,3.8750077500155e-06,TRUE,"FALSE",35,NA,0,32,"Negative",NA,NA,"",""
"60","O-039","Plate15-G09",152462,149369,"G09",0,"Plate15","O-039",NA,"N1_S2_RPP30","1",4,"D","D","20uL","taqpath",500,50,50,"Q4 V37 - NS MNS Clin Samples 1:4",NA,NA,"copies_per_ml_lysate","09","G","CAAGGTATCC","CGACAAGTAG","CTTCGAGGAT","CCATCGGATT",0,149369,69,3024,6.69478476266988e-06,TRUE,"FALSE",57,NA,0,NA,"Negative",NA,NA,"",""
"61","O-042","Plate15-G08",9472,3575,"G08",0,"Plate15","O-042",NA,"N1_S2_RPP30","1",4,"D","D","20uL","taqpath",500,50,50,"Q4 V37 - NS MNS Clin Samples 1:4",NA,NA,"copies_per_ml_lysate","08","G","CGTCATGTAC","CGAATACTAG","GGAATGTCGA","CCTACCGTGA",0,3575,1512,4385,0.000279642058165548,TRUE,"FALSE",51,NA,0,NA,"Negative",NA,NA,"",""
"62","O-047","Plate15-H08",69131,27471,"H08",0,"Plate15","O-047",NA,"N1_S2_RPP30","1",4,"D","D","20uL","taqpath",500,50,50,"Q4 V37 - NS MNS Clin Samples 1:4",NA,NA,"copies_per_ml_lysate","08","H","TCCTCAGATC","TAAGGCATAG","TGTTAAGCTC","ACAAGGAAGA",0,27471,1037,40623,3.64006988934188e-05,TRUE,"FALSE",52,NA,0,NA,"Negative",NA,NA,"",""
"63","O-048","Plate15-E08",47279,20850,"E08",0,"Plate15","O-048",NA,"N1_S2_RPP30","1",4,"D","D","20uL","taqpath",500,50,50,"Q4 V37 - NS MNS Clin Samples 1:4",NA,NA,"copies_per_ml_lysate","08","E","ACGTTCGAAT","CGAAGGATAG","GGTCCATCAT","TTGACCTAAG",0,20850,691,25738,4.79593304877464e-05,TRUE,"FALSE",50,NA,0,NA,"Negative",NA,NA,"",""
"64","O-049","Plate15-D08",117553,91788,"D08",0,"Plate15","O-049",NA,"N1_S2_RPP30","1",4,"D","D","20uL","taqpath",500,50,50,"Q4 V37 - NS MNS Clin Samples 1:4",NA,NA,"copies_per_ml_lysate","08","D","GGACGCATGT","AGACTGTAGC","CTCGGTATAG","GTGGCGTAAT",0,91788,161,25604,1.08945516347275e-05,TRUE,"FALSE",49,NA,0,NA,"Negative",NA,NA,"",""
"65","O-055","Plate15-H05",134809,112293,"H05",0,"Plate15","O-055",NA,"N1_S2_RPP30","1",4,"D","D","20uL","taqpath",500,50,50,"Q4 V37 - NS MNS Clin Samples 1:4",NA,NA,"copies_per_ml_lysate","05","H","GTACGGATTG","TTGTCGGTAC","TTCTCTGAGA","GAAGAGGTAG",0,112293,288,22228,8.90519529093273e-06,TRUE,"FALSE",40,NA,0,31.3,"Negative",NA,NA,"",""
"66","O-056","Plate15-A06",59031,40502,"A06",0,"Plate15","O-056",NA,"N1_S2_RPP30","1",4,"D","D","20uL","taqpath",500,50,50,"Q4 V37 - NS MNS Clin Samples 1:4",NA,NA,"copies_per_ml_lysate","06","A","CGTTGCAACA","GAAGATAGTG","CCTCTCCGTT","GTACTACTAC",0,40502,0,18529,2.46895291706787e-05,FALSE,"Inconclusive",41,NA,0,31.6,"Negative",NA,NA,"",""
"67","O-057","Plate15-B06",78751,63188,"B06",2,"Plate15","O-057",NA,"N1_S2_RPP30","1",4,"D","D","20uL","taqpath",500,50,50,"Q4 V37 - NS MNS Clin Samples 1:4",NA,NA,"copies_per_ml_lysate","06","B","GAGTGTCTAA","CGAACATGGA","GCTGATTATG","GATTCGCCAA",0,63188,111,15452,1.58255392552501e-05,TRUE,"FALSE",42,NA,0,30.9,"Negative",NA,NA,"",""
"68","O-058","Plate15-C06",40678,25485,"C06",0,"Plate15","O-058",NA,"N1_S2_RPP30","1",4,"D","D","20uL","taqpath",500,50,50,"Q4 V37 - NS MNS Clin Samples 1:4",NA,NA,"copies_per_ml_lysate","06","C","CTTGTGTACC","CGGATTACTG","TAGTCGCTGT","GGTCTTCGAC",0,25485,44,15149,3.92372282821941e-05,TRUE,"FALSE",43,NA,0,32.1,"Negative",NA,NA,"",""
"69","O-059","Plate15-D06",233642,217095,"D06",0,"Plate15","O-059",NA,"N1_S2_RPP30","1",4,"D","D","20uL","taqpath",500,50,50,"Q4 V37 - NS MNS Clin Samples 1:4",NA,NA,"copies_per_ml_lysate","06","D","CATGTGGTAT","ACCATGAGAA","CTTCTCTTGG","TGGCACGTAT",0,217095,1194,15353,4.60625713969857e-06,TRUE,"FALSE",44,NA,0,31.7,"Negative",NA,NA,"",""
"70","O-070","Plate15-F01",329106,306151,"F01",305294,"Plate15","O-070",NA,"N1_S2_RPP30","1",4,"D","D","20uL","taqpath",500,50,50,"Q4 V37 - NS MNS Clin Samples 1:4",NA,NA,"copies_per_ml_lysate","01","F","CACGGACAAT","CGGATCTGAC","CAATTAGCGC","TCATGATGTG",305294,857,209,22746,355.821678321678,TRUE,"TRUE",16,11.4,12,31.8,"Positive",NA,NA,"S  gene","ORF1"
"71","O-071","Plate15-G01",148659,148604,"G01",73584,"Plate15","O-071",NA,"N1_S2_RPP30","1",4,"D","D","20uL","taqpath",500,50,50,"Q4 V37 - NS MNS Clin Samples 1:4",NA,NA,"copies_per_ml_lysate","01","G","GCCGCAATTC","GTACGTGAAT","TTCGCCTATA","TACCGTAGTT",73583,75021,3,52,0.980832289195169,FALSE,"Inconclusive",17,19.6,20.2,34.2,"Positive",NA,NA,"",""
"72","O-072","Plate15-H01",67109,41867,"H01",1,"Plate15","O-072",NA,"N1_S2_RPP30","1",4,"D","D","20uL","taqpath",500,50,50,"Q4 V37 - NS MNS Clin Samples 1:4",NA,NA,"copies_per_ml_lysate","01","H","CAACGGAGTG","CGAGTCTATG","CGTAGCTATT","TTGAACACAG",1,41866,782,24460,4.77703202999976e-05,TRUE,"FALSE",18,27.8,28.4,32.4,"Positive",NA,NA,"",""
"73","O-073","Plate15-A02",413272,393063,"A02",392810,"Plate15","O-073",NA,"N1_S2_RPP30","1",4,"D","D","20uL","taqpath",500,50,50,"Q4 V37 - NS MNS Clin Samples 1:4",NA,NA,"copies_per_ml_lysate","02","A","TAAGCGCTCA","ATTCGTGACG","AGGAACAGTC","GTGATAGTGT",392799,264,3286,16923,1482.2641509434,TRUE,"TRUE",31,13.1,13.4,35,"Positive",NA,NA,"",""
"74","O-073","Plate15-A02",413272,393063,"A02",392810,"Plate15","O-073",NA,"N1_S2_RPP30","1",4,"D","D","20uL","taqpath",500,50,50,"Q4 V37 - NS MNS Clin Samples 1:4",NA,NA,"copies_per_ml_lysate","02","A","TAAGCGCTCA","ATTCGTGACG","AGGAACAGTC","GTGATAGTGT",392799,264,3286,16923,1482.2641509434,TRUE,"TRUE",19,13.1,13.4,35,"Positive",NA,NA,"",""
"75","O-074","Plate15-B02",42327,14465,"B02",13616,"Plate15","O-074",NA,"N1_S2_RPP30","1",4,"D","D","20uL","taqpath",500,50,50,"Q4 V37 - NS MNS Clin Samples 1:4",NA,NA,"copies_per_ml_lysate","02","B","CCAGTCTAGA","TTGAGATTGG","CGCTCAACTT","AAGGACCGGA",13615,850,7140,20722,16,TRUE,"TRUE",20,16.7,17,30.4,"Positive",NA,NA,"",""
"76","O-075","Plate15-C02",113515,93125,"C02",33627,"Plate15","O-075",NA,"N1_S2_RPP30","1",4,"D","D","20uL","taqpath",500,50,50,"Q4 V37 - NS MNS Clin Samples 1:4",NA,NA,"copies_per_ml_lysate","02","C","TGGCGTCTAA","ACTGGCTATC","CAACACACAA","GCTAACAGTG",33626,59499,1545,18845,0.565159663865546,TRUE,"TRUE",21,23.8,24.3,31.3,"Positive",NA,NA,"",""
"77","O-16","Plate15-D02",32827,12861,"D02",1340,"Plate15","O-16",NA,"N1_S2_RPP30","1",4,"D","D","20uL","taqpath",500,50,50,"Q4 V37 - NS MNS Clin Samples 1:4",NA,NA,"copies_per_ml_lysate","02","D","CCTCGTTATC","AATAGGTTGG","CTCGTAATGA","GGTTATCCAT",1340,11521,107,19859,0.116386044089568,TRUE,"TRUE",22,28,28.3,31.4,"Positive",NA,NA,"",""
"78","O-17","Plate15-E02",183881,159004,"E02",65567,"Plate15","O-17",NA,"N1_S2_RPP30","1",4,"D","D","20uL","taqpath",500,50,50,"Q4 V37 - NS MNS Clin Samples 1:4",NA,NA,"copies_per_ml_lysate","02","E","AACAGTCGAT","GTGCCAGAGT","CATGCAGATT","GATTCGATAG",65567,93437,1383,23494,0.701727348616195,TRUE,"TRUE",23,22.9,23.2,31.7,"Positive",NA,NA,"",""
"79","R-001","Plate15-F02",122642,109440,"F02",49108,"Plate15","R-001",NA,"N1_S2_RPP30","1",4,"D","D","20uL","taqpath",500,50,50,"Q4 V37 - NS MNS Clin Samples 1:4",NA,NA,"copies_per_ml_lysate","02","F","ATCTCGGAGG","CTGTGTCAAT","CGAGCCTAGT","ATTCCAGCGG",49107,60333,368,12834,0.813935757615938,TRUE,"TRUE",24,20.7,21,30,"Positive",NA,NA,"",""
"80","R-002","Plate15-H02",249313,231690,"H02",105087,"Plate15","R-002",NA,"N1_S2_RPP30","1",4,"D","D","20uL","taqpath",500,50,50,"Q4 V37 - NS MNS Clin Samples 1:4",NA,NA,"copies_per_ml_lysate","02","H","TACAGTCTCT","AATGGTAGCA","CTTCGGTCAT","CATCCTCGAC",105086,126604,3178,14445,0.830038308123692,TRUE,"TRUE",25,22.9,23.8,30.5,"Positive",NA,NA,"",""
"81","R-003","Plate15-A08",385466,365102,"A08",364989,"Plate15","R-003",NA,"N1_S2_RPP30","1",4,"D","D","20uL","taqpath",500,50,50,"Q4 V37 - NS MNS Clin Samples 1:4",NA,NA,"copies_per_ml_lysate","08","A","TCTAAGGTAC","CGGTTATCGC","TAGGAGGTTC","CTTAACTGTG",364988,114,2734,17630,3173.81739130435,TRUE,"TRUE",1,12.1,12.7,34.7,"Positive",NA,NA,"11-32.5","12-31"
"82","R-004","Plate15-F10",289709,278758,"F10",256328,"Plate15","R-004",NA,"N1_S2_RPP30","1",4,"D","D","20uL","taqpath",500,50,50,"Q4 V37 - NS MNS Clin Samples 1:4",NA,NA,"copies_per_ml_lysate","10","F","CACGAGGATG","AACCAGGCGT","TCTGAGAATG","GTCGTCCTTG",256325,22433,1132,9819,11.4257822947312,TRUE,"TRUE",8,15.6,16.2,31.3,"Positive",NA,NA,"Ct","Count"
"83","R-005","Plate15-F08",286420,269292,"F08",115469,"Plate15","R-005",NA,"N1_S2_RPP30","1",4,"D","D","20uL","taqpath",500,50,50,"Q4 V37 - NS MNS Clin Samples 1:4",NA,NA,"copies_per_ml_lysate","08","F","GCATATCACA","CCGAGTAGTA","CTGTGTGGAA","TTGGTGTAAC",115466,153826,11687,5441,0.750628953304686,TRUE,"TRUE",3,18.6,19.1,30.5,"Positive",NA,NA,"",""
"84","R-006","Plate15-H09",265541,241462,"H09",226693,"Plate15","R-006",NA,"N1_S2_RPP30","1",4,"D","D","20uL","taqpath",500,50,50,"Q4 V37 - NS MNS Clin Samples 1:4",NA,NA,"copies_per_ml_lysate","09","H","CTTAACGGAT","CTGTACCTTC","CCGATACTGT","CCGTACTCCA",226690,14772,1636,22443,15.3449536316253,TRUE,"TRUE",6,19,19.5,31.3,"Positive",NA,NA,"",""
"85","R-012","Plate15-C03",382745,360716,"C03",359809,"Plate15","R-012",NA,"N1_S2_RPP30","1",4,"D","D","20uL","taqpath",500,50,50,"Q4 V37 - NS MNS Clin Samples 1:4",NA,NA,"copies_per_ml_lysate","03","C","ATCTCGTACT","TGGATAAGTC","TAACTGTCGA","CAGTTCAGTT",359793,923,1664,20365,389.387445887446,TRUE,"TRUE",32,14,14.6,36.2,"Positive",NA,NA,"",""
"86","R-014","Plate15-D09",307624,299676,"D09",297996,"Plate15","R-014",NA,"N1_S2_RPP30","1",4,"D","D","20uL","taqpath",500,50,50,"Q4 V37 - NS MNS Clin Samples 1:4",NA,NA,"copies_per_ml_lysate","09","D","GTTCAGTCGC","CGTGGTATGT","CTTGGAGTAG","GTCCAAGTTG",297994,1682,122,7826,177.061794414736,TRUE,"TRUE",5,18,18.8,32.2,"Positive",NA,NA,"",""
"87","R-022","Plate15-F03",360474,355337,"F03",353152,"Plate15","R-022",NA,"N1_S2_RPP30","1",4,"D","D","20uL","taqpath",500,50,50,"Q4 V37 - NS MNS Clin Samples 1:4",NA,NA,"copies_per_ml_lysate","03","F","TTGAACACAG","ACAACAGTAG","CTCGCCTCAT","GTCTCGTTAT",353150,2187,2732,2405,161.403564899452,TRUE,"TRUE",47,17,17.2,32.7,"Positive",NA,NA,"",""
"88","R-031","Plate15-A09",33636,20308,"A09",0,"Plate15","R-031",NA,"N1_S2_RPP30","1",4,"D","D","20uL","taqpath",500,50,50,"Q4 V37 - NS MNS Clin Samples 1:4",NA,NA,"copies_per_ml_lysate","09","A","GTAGCCTATG","AGGATTAGCC","CATCCTATGA","TCTGTCCAAT",0,20308,1237,12091,4.92392535329164e-05,TRUE,"FALSE",53,NA,0,NA,"Negative",NA,NA,"",""
"89","R-032","Plate15-B10",61518,55327,"B10",0,"Plate15","R-032",NA,"N1_S2_RPP30","1",4,"D","D","20uL","taqpath",500,50,50,"Q4 V37 - NS MNS Clin Samples 1:4",NA,NA,"copies_per_ml_lysate","10","B","CCTTCCTAAC","TTGACAACGG","GGACATGTTG","TAGAGGCCTT",0,55327,236,5955,1.8074031231926e-05,TRUE,"FALSE",59,NA,0,NA,"Negative",NA,NA,"",""
"90","R-033","Plate15-F05",170290,170219,"F05",0,"Plate15","R-033",NA,"N1_S2_RPP30","1",4,"D","D","20uL","taqpath",500,50,50,"Q4 V37 - NS MNS Clin Samples 1:4",NA,NA,"copies_per_ml_lysate","05","F","GTCCTCTATG","TCAGACGGAT","TATAGCACCA","CAGGTCTATA",0,170219,1,70,5.87475032311127e-06,FALSE,"Inconclusive",38,NA,0,32,"Negative",NA,NA,"",""
"91","R-034","Plate15-A10",114574,102139,"A10",0,"Plate15","R-034",NA,"N1_S2_RPP30","1",4,"D","D","20uL","taqpath",500,50,50,"Q4 V37 - NS MNS Clin Samples 1:4",NA,NA,"copies_per_ml_lysate","10","A","CCAATGATCC","TTAGGCTTGT","ACACCTGACT","GACGTATGAC",0,102139,64,12371,9.7904836498923e-06,TRUE,"FALSE",58,NA,0,NA,"Negative",NA,NA,"",""
"92","R-035","Plate15-D10",17796,8212,"D10",0,"Plate15","R-035",NA,"N1_S2_RPP30","1",4,"D","D","20uL","taqpath",500,50,50,"Q4 V37 - NS MNS Clin Samples 1:4",NA,NA,"copies_per_ml_lysate","10","D","GCTATACGAT","TCTCACGATT","TCTACCACGG","AGGCAGCGTA",0,8212,135,9449,0.000121758188238159,TRUE,"FALSE",60,NA,0,NA,"Negative",NA,NA,"",""
"93","R-036","Plate15-D05",201164,186571,"D05",0,"Plate15","R-036",NA,"N1_S2_RPP30","1",4,"D","D","20uL","taqpath",500,50,50,"Q4 V37 - NS MNS Clin Samples 1:4",NA,NA,"copies_per_ml_lysate","05","D","TAGAGCTCAT","CTGGACACCT","GCTTCCTCTC","CTTAGATTCG",0,186571,257,14336,5.359861072401e-06,TRUE,"FALSE",36,NA,0,32,"Negative",NA,NA,"",""
"94","R-038","Plate15-B05",43913,27103,"B05",0,"Plate15","R-038",NA,"N1_S2_RPP30","1",4,"D","D","20uL","taqpath",500,50,50,"Q4 V37 - NS MNS Clin Samples 1:4",NA,NA,"copies_per_ml_lysate","05","B","TTGCACTCGG","CTAGCCGACA","TCAGCCTAAT","GAACGAATAC",0,27103,272,16538,3.68949232585596e-05,TRUE,"FALSE",34,NA,0,32.7,"Negative",NA,NA,"",""
"95","R-039","Plate15-E10",146198,133465,"E10",0,"Plate15","R-039",NA,"N1_S2_RPP30","1",4,"D","D","20uL","taqpath",500,50,50,"Q4 V37 - NS MNS Clin Samples 1:4",NA,NA,"copies_per_ml_lysate","10","E","TATAGCGATC","CGTTGTCCAA","ATCGTCCAGG","ATCCGCAATT",0,133465,1008,11725,7.49254491780678e-06,TRUE,"FALSE",61,NA,0,NA,"Negative",NA,NA,"",""
"96","R-040","Plate15-G10",53453,49418,"G10",0,"Plate15","R-040",NA,"N1_S2_RPP30","1",4,"D","D","20uL","taqpath",500,50,50,"Q4 V37 - NS MNS Clin Samples 1:4",NA,NA,"copies_per_ml_lysate","10","G","CCGAATATGC","GAATCACGAT","CGTGTGTCGT","ATACAGTGCA",0,49418,240,3795,2.02351322365892e-05,TRUE,"FALSE",62,NA,0,NA,"Negative",NA,NA,"",""
"97","R-041","Plate15-H10",21516,1560,"H10",0,"Plate15","R-041",NA,"N1_S2_RPP30","1",4,"D","D","20uL","taqpath",500,50,50,"Q4 V37 - NS MNS Clin Samples 1:4",NA,NA,"copies_per_ml_lysate","10","H","CCTTGATGAG","ACTCTTCCAA","ACGAAGAGAG","TACTGTCCGT",0,1560,504,19452,0.000640614990390775,TRUE,"FALSE",63,NA,0,NA,"Negative",NA,NA,"",""
"98","R-042","Plate15-B11",106327,102366,"B11",0,"Plate15","R-042",NA,"N1_S2_RPP30","1",4,"D","D","20uL","taqpath",500,50,50,"Q4 V37 - NS MNS Clin Samples 1:4",NA,NA,"copies_per_ml_lysate","11","B","GACTAACCAT","CCTGGCGAAT","TCAACAGAGT","TGATACCGTG",0,102366,92,3869,9.76877313978137e-06,TRUE,"FALSE",64,NA,0,NA,"Negative",NA,NA,"",""
"99","R-047","Plate15-C11",181604,161516,"C11",0,"Plate15","R-047",NA,"N1_S2_RPP30","1",4,"D","D","20uL","taqpath",500,50,50,"Q4 V37 - NS MNS Clin Samples 1:4",NA,NA,"copies_per_ml_lysate","11","C","CAACCTGTCC","CGAAGATTGG","TGACTGAGTT","TCGACACCAT",0,161516,311,19777,6.19129874873852e-06,TRUE,"FALSE",65,NA,0,NA,"Negative",NA,NA,"",""
"100","R-048","Plate15-E11",172423,159707,"E11",0,"Plate15","R-048",NA,"N1_S2_RPP30","1",4,"D","D","20uL","taqpath",500,50,50,"Q4 V37 - NS MNS Clin Samples 1:4",NA,NA,"copies_per_ml_lysate","11","E","GTAAGATGGT","ATTCCGTAGG","CCAGAAGCAA","TCCTCATTCT",0,159707,534,12182,6.26142710446565e-06,TRUE,"FALSE",66,NA,0,NA,"Negative",NA,NA,"",""
"101","R-049","Plate15-F11",139841,139840,"F11",232,"Plate15","R-049",NA,"N1_S2_RPP30","1",4,"D","D","20uL","taqpath",500,50,50,"Q4 V37 - NS MNS Clin Samples 1:4",NA,NA,"copies_per_ml_lysate","11","F","CGAGTCGGTA","TAACAGCTAG","CCTCCGAAGA","TATAGCGATC",0,139840,0,1,7.15097861142297e-06,FALSE,"Inconclusive",67,NA,0,NA,"Negative",NA,NA,"",""
