"","Sample","well_total","Stotal","Sample_Well","S2_total_across_all_wells","Plate_ID","virus_identity","virus_copy","quadrant_96","bc_set","Plate_384","Plate_384_Number","Plate_384_Quadrant","IndexSet","MasterMixVol","RT","SpikeCopies","RPP_strategy","PCR_cycles","Description","Dilution","Heat","VirusUnits","Col","Row","S_index","S_index2","R_index","R_index2","S2","S2_spike","RPP30","RPP30_spike","S2_normalized_to_S2_spike","RPP30_Detected","SARS_COV_2_Detected"
"1","Plate3-A01",116283,107861,"A01",99814,"Plate3","MNS NS","16000","A","N1_S2_RPP30","3",3,NA,3,"20uL","taqpath",500,50,50,"MNS LOD/Saliva Negatives",NA,NA,"copies_per_ml_lysate","01","A","TCGGTGGAAG","AGTAGTTGCG","TCGGTGGAAG","AGTAGTTGCG",99792,8069,8422,0,12.3659231722429,TRUE,"TRUE"
"2","Plate3-A03",118039,111388,"A03",100178,"Plate3","MNS NS","16000","A","N1_S2_RPP30","3",3,NA,3,"20uL","taqpath",500,50,50,"MNS LOD/Saliva Negatives",NA,NA,"copies_per_ml_lysate","03","A","ACACGTGATG","GGAACACCTT","ACACGTGATG","GGAACACCTT",100168,11220,6651,0,8.92692273415917,TRUE,"TRUE"
"3","Plate3-A05",87318,79903,"A05",75905,"Plate3","MNS NS","16000","A","N1_S2_RPP30","3",3,NA,3,"20uL","taqpath",500,50,50,"MNS LOD/Saliva Negatives",NA,NA,"copies_per_ml_lysate","05","A","AGGCACCTAA","CTATCTATCG","AGGCACCTAA","CTATCTATCG",75892,4011,7415,0,18.9165004985045,TRUE,"TRUE"
"4","Plate3-A07",128796,123017,"A07",114260,"Plate3","MNS NS","16000","A","N1_S2_RPP30","3",3,NA,3,"20uL","taqpath",500,50,50,"MNS LOD/Saliva Negatives",NA,NA,"copies_per_ml_lysate","07","A","ACAATCGTTG","ATTAGCGCTT","ACAATCGTTG","ATTAGCGCTT",114247,8770,5779,0,13.0256527191882,TRUE,"TRUE"
"5","Plate3-A09",122984,113617,"A09",101970,"Plate3","MNS NS","16000","A","N1_S2_RPP30","3",3,NA,3,"20uL","taqpath",500,50,50,"MNS LOD/Saliva Negatives",NA,NA,"copies_per_ml_lysate","09","A","TTAGTCCGAA","ATTGGCCAGA","TTAGTCCGAA","ATTGGCCAGA",101951,11666,9367,0,8.73849318590897,TRUE,"TRUE"
"6","Plate3-A11",119197,115104,"A11",106910,"Plate3","MNS NS","16000","A","N1_S2_RPP30","3",3,NA,3,"20uL","taqpath",500,50,50,"MNS LOD/Saliva Negatives",NA,NA,"copies_per_ml_lysate","11","A","TATCACACGC","GAAGCACTCG","TATCACACGC","GAAGCACTCG",106891,8213,4093,0,13.0133917701485,TRUE,"TRUE"
"7","Plate3-A13",146333,136471,"A13",125904,"Plate3","MNS NS","16000","A","N1_S2_RPP30","3",3,NA,3,"20uL","taqpath",500,50,50,"MNS LOD/Saliva Negatives",NA,NA,"copies_per_ml_lysate","13","A","TGAGACAGTA","ACTGTGAACC","TGAGACAGTA","ACTGTGAACC",125895,10576,9862,0,11.9028079795783,TRUE,"TRUE"
"8","Plate3-A15",144690,136663,"A15",126794,"Plate3","MNS NS","16000","A","N1_S2_RPP30","3",3,NA,3,"20uL","taqpath",500,50,50,"MNS LOD/Saliva Negatives",NA,NA,"copies_per_ml_lysate","15","A","ATACCGTGTC","ATGAACCGGT","ATACCGTGTC","ATGAACCGGT",126774,9889,8027,0,12.8185035389282,TRUE,"TRUE"
"9","Plate3-A17",106009,97123,"A17",91780,"Plate3","MNS NS","16000","A","N1_S2_RPP30","3",3,NA,3,"20uL","taqpath",500,50,50,"MNS LOD/Saliva Negatives",NA,NA,"copies_per_ml_lysate","17","A","CGCTGTTGGA","CTCCATACCG","CGCTGTTGGA","CTCCATACCG",91762,5361,8886,0,17.1135770234987,TRUE,"TRUE"
"10","Plate3-A19",129350,122476,"A19",116503,"Plate3","MNS NS","16000","A","N1_S2_RPP30","3",3,NA,3,"20uL","taqpath",500,50,50,"MNS LOD/Saliva Negatives",NA,NA,"copies_per_ml_lysate","19","A","GATGACGATA","CGTTAAGTCC","GATGACGATA","CGTTAAGTCC",116488,5988,6874,0,19.4504925697111,TRUE,"TRUE"
"11","Plate3-A21",119240,110542,"A21",105327,"Plate3","MNS NS","16000","A","N1_S2_RPP30","3",3,NA,3,"20uL","taqpath",500,50,50,"MNS LOD/Saliva Negatives",NA,NA,"copies_per_ml_lysate","21","A","CAGAACCACA","TCCTACGGTA","CAGAACCACA","TCCTACGGTA",105311,5231,8698,0,20.1284403669725,TRUE,"TRUE"
"12","Plate3-A23",92463,87962,"A23",83687,"Plate3","MNS NS","16000","A","N1_S2_RPP30","3",3,NA,3,"20uL","taqpath",500,50,50,"MNS LOD/Saliva Negatives",NA,NA,"copies_per_ml_lysate","23","A","AAGCGAATCC","TCTTACTCCG","AAGCGAATCC","TCTTACTCCG",83671,4291,4501,0,19.4948741845294,TRUE,"TRUE"
"13","Plate3-B02",107881,98889,"B02",94081,"Plate3","MNS NS","16000","D","N1_S2_RPP30","3",3,NA,3,"20uL","taqpath",500,50,50,"MNS LOD/Saliva Negatives",NA,NA,"copies_per_ml_lysate","02","B","TAGCAAGACA","CTCGCTAACC","TAGCAAGACA","CTCGCTAACC",94078,4811,8992,0,19.5509143807149,TRUE,"TRUE"
"14","Plate3-B04",95922,90510,"B04",216709,"Plate3","MNS NS","16000","D","N1_S2_RPP30","3",3,NA,3,"20uL","taqpath",500,50,50,"MNS LOD/Saliva Negatives",NA,NA,"copies_per_ml_lysate","04","B","GAGTGTCTAA","ACCTACGCGA","GAGTGTCTAA","ACCTACGCGA",86272,4238,5412,0,20.3522057088936,TRUE,"TRUE"
"15","Plate3-B06",106207,97818,"B06",93843,"Plate3","MNS NS","16000","D","N1_S2_RPP30","3",3,NA,3,"20uL","taqpath",500,50,50,"MNS LOD/Saliva Negatives",NA,NA,"copies_per_ml_lysate","06","B","AAGCTGGCAA","CTTATATGCC","AAGCTGGCAA","CTTATATGCC",93840,3978,8389,0,23.5840663483287,TRUE,"TRUE"
"16","Plate3-B08",110194,107916,"B08",204646,"Plate3","MNS NS","16000","D","N1_S2_RPP30","3",3,NA,3,"20uL","taqpath",500,50,50,"MNS LOD/Saliva Negatives",NA,NA,"copies_per_ml_lysate","08","B","AGGAGCAAGC","ATCGCGCTTG","AGGAGCAAGC","ATCGCGCTTG",102965,4951,2278,0,20.7928109854604,TRUE,"TRUE"
"17","Plate3-B10",112507,105435,"B10",101301,"Plate3","MNS NS","16000","D","N1_S2_RPP30","3",3,NA,3,"20uL","taqpath",500,50,50,"MNS LOD/Saliva Negatives",NA,NA,"copies_per_ml_lysate","10","B","ACGCACACAA","TTGTGAGCTC","ACGCACACAA","TTGTGAGCTC",101300,4135,7072,0,24.4925048355899,TRUE,"TRUE"
"18","Plate3-B12",110242,103066,"B12",98889,"Plate3","MNS NS","16000","D","N1_S2_RPP30","3",3,NA,3,"20uL","taqpath",500,50,50,"MNS LOD/Saliva Negatives",NA,NA,"copies_per_ml_lysate","12","B","GATTCTCTCC","CAGCAATCGC","GATTCTCTCC","CAGCAATCGC",98888,4178,7176,0,23.6633165829146,TRUE,"TRUE"
"19","Plate3-B14",116033,108188,"B14",103235,"Plate3","MNS NS","16000","D","N1_S2_RPP30","3",3,NA,3,"20uL","taqpath",500,50,50,"MNS LOD/Saliva Negatives",NA,NA,"copies_per_ml_lysate","14","B","CGTCCAATCC","CGATACGAGT","CGTCCAATCC","CGATACGAGT",103235,4953,7845,0,20.8389180460234,TRUE,"TRUE"
"20","Plate3-B16",51055,49932,"B16",48017,"Plate3","MNS NS","16000","D","N1_S2_RPP30","3",3,NA,3,"20uL","taqpath",500,50,50,"MNS LOD/Saliva Negatives",NA,NA,"copies_per_ml_lysate","16","B","CGTCTATCAC","CGCTAAGGAC","CGTCTATCAC","CGCTAAGGAC",47994,1938,1123,0,24.7524497163486,TRUE,"TRUE"
"21","Plate3-B18",121823,112703,"B18",107646,"Plate3","MNS NS","16000","D","N1_S2_RPP30","3",3,NA,3,"20uL","taqpath",500,50,50,"MNS LOD/Saliva Negatives",NA,NA,"copies_per_ml_lysate","18","B","CGTTGTCCAA","CCAACGTTCA","CGTTGTCCAA","CCAACGTTCA",107644,5059,9120,0,21.2737154150198,TRUE,"TRUE"
"22","Plate3-B20",110493,101640,"B20",97258,"Plate3","MNS NS","16000","D","N1_S2_RPP30","3",3,NA,3,"20uL","taqpath",500,50,50,"MNS LOD/Saliva Negatives",NA,NA,"copies_per_ml_lysate","20","B","TACCGAACTC","TCTGCGTACG","TACCGAACTC","TCTGCGTACG",97251,4389,8853,0,22.1530751708428,TRUE,"TRUE"
"23","Plate3-B22",84147,81492,"B22",77318,"Plate3","MNS NS","16000","D","N1_S2_RPP30","3",3,NA,3,"20uL","taqpath",500,50,50,"MNS LOD/Saliva Negatives",NA,NA,"copies_per_ml_lysate","22","B","CGATCTGGAA","TCCTTCCATG","CGATCTGGAA","TCCTTCCATG",77290,4202,2655,0,18.3894837021175,TRUE,"TRUE"
"24","Plate3-B24",116027,108674,"B24",103654,"Plate3","MNS NS","16000","D","N1_S2_RPP30","3",3,NA,3,"20uL","taqpath",500,50,50,"MNS LOD/Saliva Negatives",NA,NA,"copies_per_ml_lysate","24","B","TCTTACTGTC","AAGATCTGCT","TCTTACTGTC","AAGATCTGCT",103648,5026,7353,0,20.6184603143028,TRUE,"TRUE"
"25","Plate3-C01",111102,103640,"C01",86583,"Plate3","MNS NS","8000","A","N1_S2_RPP30","3",3,NA,3,"20uL","taqpath",500,50,50,"MNS LOD/Saliva Negatives",NA,NA,"copies_per_ml_lysate","01","C","ATCGTATGGA","AGTGTCCAGC","ATCGTATGGA","AGTGTCCAGC",86574,17066,7462,0,5.07265483096033,TRUE,"TRUE"
"26","Plate3-C03",105340,98481,"C03",84129,"Plate3","MNS NS","8000","A","N1_S2_RPP30","3",3,NA,3,"20uL","taqpath",500,50,50,"MNS LOD/Saliva Negatives",NA,NA,"copies_per_ml_lysate","03","C","ACTCGTGAGA","TTGTGTGTCC","ACTCGTGAGA","TTGTGTGTCC",84123,14358,6859,0,5.85862525245491,TRUE,"TRUE"
"27","Plate3-C05",105551,98239,"C05",86302,"Plate3","MNS NS","8000","A","N1_S2_RPP30","3",3,NA,3,"20uL","taqpath",500,50,50,"MNS LOD/Saliva Negatives",NA,NA,"copies_per_ml_lysate","05","C","TCGAACCGGA","TACATGAAGC","TCGAACCGGA","TACATGAAGC",86289,11950,7312,0,7.22031629152372,TRUE,"TRUE"
"28","Plate3-C07",90336,84077,"C07",71336,"Plate3","MNS NS","8000","A","N1_S2_RPP30","3",3,NA,3,"20uL","taqpath",500,50,50,"MNS LOD/Saliva Negatives",NA,NA,"copies_per_ml_lysate","07","C","GCCACACCTA","ATACTTCCGC","GCCACACCTA","ATACTTCCGC",71322,12755,6259,0,5.59132957039824,TRUE,"TRUE"
"29","Plate3-C09",108266,99374,"C09",82568,"Plate3","MNS NS","8000","A","N1_S2_RPP30","3",3,NA,3,"20uL","taqpath",500,50,50,"MNS LOD/Saliva Negatives",NA,NA,"copies_per_ml_lysate","09","C","GCCGATTCCA","TTGACACTGA","GCCGATTCCA","TTGACACTGA",82561,16813,8892,0,4.91031283454264,TRUE,"TRUE"
"30","Plate3-C11",89807,88338,"C11",72292,"Plate3","MNS NS","8000","A","N1_S2_RPP30","3",3,NA,3,"20uL","taqpath",500,50,50,"MNS LOD/Saliva Negatives",NA,NA,"copies_per_ml_lysate","11","C","AAGCGTACGG","ATGCGTTGGT","AAGCGTACGG","ATGCGTTGGT",72283,16055,1469,0,4.50199302441455,TRUE,"TRUE"
"31","Plate3-C13",99799,94006,"C13",79672,"Plate3","MNS NS","8000","A","N1_S2_RPP30","3",3,NA,3,"20uL","taqpath",500,50,50,"MNS LOD/Saliva Negatives",NA,NA,"copies_per_ml_lysate","13","C","ATAGGCCTTA","CGCTCTTAAG","ATAGGCCTTA","CGCTCTTAAG",79665,14341,5793,0,5.5547343466741,TRUE,"TRUE"
"32","Plate3-C15",100976,91656,"C15",71129,"Plate3","MNS NS","8000","A","N1_S2_RPP30","3",3,NA,3,"20uL","taqpath",500,50,50,"MNS LOD/Saliva Negatives",NA,NA,"copies_per_ml_lysate","15","C","GTTGAAGGCC","CAACCTACGC","GTTGAAGGCC","CAACCTACGC",71114,20542,9320,0,3.46176313099353,TRUE,"TRUE"
"33","Plate3-C17",109016,100499,"C17",84752,"Plate3","MNS NS","8000","A","N1_S2_RPP30","3",3,NA,3,"20uL","taqpath",500,50,50,"MNS LOD/Saliva Negatives",NA,NA,"copies_per_ml_lysate","17","C","GACACCAATA","ATCACACCGG","GACACCAATA","ATCACACCGG",84739,15760,8517,0,5.37656240086289,TRUE,"TRUE"
"34","Plate3-C19",68255,59729,"C19",9985,"Plate3","MNS NS","8000","A","N1_S2_RPP30","3",3,NA,3,"20uL","taqpath",500,50,50,"MNS LOD/Saliva Negatives",NA,NA,"copies_per_ml_lysate","19","C","CTGTTCGACA","CAACAGGCCA","CTGTTCGACA","CAACAGGCCA",9973,49756,8526,0,0.200454207448198,TRUE,"TRUE"
"35","Plate3-C21",46297,43569,"C21",3558,"Plate3","MNS NS","8000","A","N1_S2_RPP30","3",3,NA,3,"20uL","taqpath",500,50,50,"MNS LOD/Saliva Negatives",NA,NA,"copies_per_ml_lysate","21","C","ATCATCGACA","ATGGACGTAC","ATCATCGACA","ATGGACGTAC",3549,40020,2728,0,0.0887034306988831,TRUE,"TRUE"
"36","Plate3-C23",49140,49036,"C23",7697,"Plate3","MNS NS","8000","A","N1_S2_RPP30","3",3,NA,3,"20uL","taqpath",500,50,50,"MNS LOD/Saliva Negatives",NA,NA,"copies_per_ml_lysate","23","C","ATAGGCGGAT","CCACGTGTGT","ATAGGCGGAT","CCACGTGTGT",7695,41341,104,0,0.186154515988583,TRUE,"TRUE"
"37","Plate3-D02",97406,90433,"D02",83381,"Plate3","MNS NS","8000","D","N1_S2_RPP30","3",3,NA,3,"20uL","taqpath",500,50,50,"MNS LOD/Saliva Negatives",NA,NA,"copies_per_ml_lysate","02","D","AAGTACACGA","TAGGTCCGAC","AAGTACACGA","TAGGTCCGAC",82699,7734,6973,0,10.6916612798966,TRUE,"TRUE"
"38","Plate3-D04",89419,82897,"D04",74968,"Plate3","MNS NS","8000","D","N1_S2_RPP30","3",3,NA,3,"20uL","taqpath",500,50,50,"MNS LOD/Saliva Negatives",NA,NA,"copies_per_ml_lysate","04","D","AACTCCGCAC","AAGTCTGTAC","AACTCCGCAC","AAGTCTGTAC",74947,7950,6522,0,9.42623569362344,TRUE,"TRUE"
"39","Plate3-D06",69793,58905,"D06",143451,"Plate3","MNS NS","8000","D","N1_S2_RPP30","3",3,NA,3,"20uL","taqpath",500,50,50,"MNS LOD/Saliva Negatives",NA,NA,"copies_per_ml_lysate","06","D","CCAGGAACAG","GCCACAATCT","CCAGGAACAG","GCCACAATCT",54128,4777,10888,0,11.3287986605274,TRUE,"TRUE"
"40","Plate3-D08",100409,91792,"D08",83835,"Plate3","MNS NS","8000","D","N1_S2_RPP30","3",3,NA,3,"20uL","taqpath",500,50,50,"MNS LOD/Saliva Negatives",NA,NA,"copies_per_ml_lysate","08","D","CATTAGGCGA","TACTCCTCCG","CATTAGGCGA","TACTCCTCCG",83834,7958,8617,0,10.5333584621184,TRUE,"TRUE"
"41","Plate3-D10",116491,107673,"D10",229917,"Plate3","MNS NS","8000","D","N1_S2_RPP30","3",3,NA,3,"20uL","taqpath",500,50,50,"MNS LOD/Saliva Negatives",NA,NA,"copies_per_ml_lysate","10","D","ACTAATGACC","GGCAATATTC","ACTAATGACC","GGCAATATTC",96027,11646,8818,0,8.24486992358547,TRUE,"TRUE"
"42","Plate3-D12",117167,107283,"D12",97156,"Plate3","MNS NS","8000","D","N1_S2_RPP30","3",3,NA,3,"20uL","taqpath",500,50,50,"MNS LOD/Saliva Negatives",NA,NA,"copies_per_ml_lysate","12","D","ATGCTACTGG","GACGATAGCT","ATGCTACTGG","GACGATAGCT",97156,10127,9884,0,9.59291074249605,TRUE,"TRUE"
"43","Plate3-D14",116106,105882,"D14",124048,"Plate3","MNS NS","8000","D","N1_S2_RPP30","3",3,NA,3,"20uL","taqpath",500,50,50,"MNS LOD/Saliva Negatives",NA,NA,"copies_per_ml_lysate","14","D","AACTGTGTTC","TTGAACAGCT","AACTGTGTTC","TTGAACAGCT",93968,11914,10224,0,7.88661351237935,TRUE,"TRUE"
"44","Plate3-D16",93151,88891,"D16",78220,"Plate3","MNS NS","8000","D","N1_S2_RPP30","3",3,NA,3,"20uL","taqpath",500,50,50,"MNS LOD/Saliva Negatives",NA,NA,"copies_per_ml_lysate","16","D","AAGGAGTAAC","AGCGGTTACT","AAGGAGTAAC","AGCGGTTACT",78208,10683,4260,0,7.32019842755522,TRUE,"TRUE"
"45","Plate3-D18",120696,110825,"D18",101696,"Plate3","MNS NS","8000","D","N1_S2_RPP30","3",3,NA,3,"20uL","taqpath",500,50,50,"MNS LOD/Saliva Negatives",NA,NA,"copies_per_ml_lysate","18","D","GGAGAAGGCA","CGCTCAATCA","GGAGAAGGCA","CGCTCAATCA",101662,9163,9871,0,11.0937363596683,TRUE,"TRUE"
"46","Plate3-D20",53767,48897,"D20",5640,"Plate3","MNS NS","8000","D","N1_S2_RPP30","3",3,NA,3,"20uL","taqpath",500,50,50,"MNS LOD/Saliva Negatives",NA,NA,"copies_per_ml_lysate","20","D","GGACATGTTG","AACTGAGGCT","GGACATGTTG","AACTGAGGCT",5639,43258,4870,0,0.130377493700733,TRUE,"TRUE"
"47","Plate3-D22",27921,27327,"D22",4301,"Plate3","MNS NS","8000","D","N1_S2_RPP30","3",3,NA,3,"20uL","taqpath",500,50,50,"MNS LOD/Saliva Negatives",NA,NA,"copies_per_ml_lysate","22","D","TCGATGTCTA","CGCATCATTA","TCGATGTCTA","CGCATCATTA",4300,23027,594,0,0.186772624630884,TRUE,"TRUE"
"48","Plate3-D24",36697,35737,"D24",7064,"Plate3","MNS NS","8000","D","N1_S2_RPP30","3",3,NA,3,"20uL","taqpath",500,50,50,"MNS LOD/Saliva Negatives",NA,NA,"copies_per_ml_lysate","24","D","CCTCCATCTG","GACGGTCCTT","CCTCCATCTG","GACGGTCCTT",7063,28674,960,0,0.246346992153444,TRUE,"TRUE"
"49","Plate3-E01",54480,47639,"E01",36592,"Plate3","MNS NS","4000","A","N1_S2_RPP30","3",3,NA,3,"20uL","taqpath",500,50,50,"MNS LOD/Saliva Negatives",NA,NA,"copies_per_ml_lysate","01","E","GAGCCATCAC","TTAGGAGGCT","GAGCCATCAC","TTAGGAGGCT",36589,11050,6841,0,3.31101257804724,TRUE,"TRUE"
"50","Plate3-E03",96713,90083,"E03",66502,"Plate3","MNS NS","4000","A","N1_S2_RPP30","3",3,NA,3,"20uL","taqpath",500,50,50,"MNS LOD/Saliva Negatives",NA,NA,"copies_per_ml_lysate","03","E","TGGCGAGACT","AACCGGCCTT","TGGCGAGACT","AACCGGCCTT",66494,23589,6630,0,2.81877914370496,TRUE,"TRUE"
"51","Plate3-E05",75547,67638,"E05",50947,"Plate3","MNS NS","4000","A","N1_S2_RPP30","3",3,NA,3,"20uL","taqpath",500,50,50,"MNS LOD/Saliva Negatives",NA,NA,"copies_per_ml_lysate","05","E","GCTCCTACAA","CCGGATCAGA","GCTCCTACAA","CCGGATCAGA",50936,16702,7909,0,3.04957193318566,TRUE,"TRUE"
"52","Plate3-E07",109601,102407,"E07",86001,"Plate3","MNS NS","4000","A","N1_S2_RPP30","3",3,NA,3,"20uL","taqpath",500,50,50,"MNS LOD/Saliva Negatives",NA,NA,"copies_per_ml_lysate","07","E","AAGTGTCATC","CCTTATACGG","AAGTGTCATC","CCTTATACGG",85993,16414,7194,0,5.23874505025891,TRUE,"TRUE"
"53","Plate3-E09",64542,58510,"E09",40843,"Plate3","MNS NS","4000","A","N1_S2_RPP30","3",3,NA,3,"20uL","taqpath",500,50,50,"MNS LOD/Saliva Negatives",NA,NA,"copies_per_ml_lysate","09","E","AACTCCGTTG","GCCACTCTAT","AACTCCGTTG","GCCACTCTAT",40836,17674,6032,0,2.31043847241867,TRUE,"TRUE"
"54","Plate3-E11",76006,75956,"E11",56791,"Plate3","MNS NS","4000","A","N1_S2_RPP30","3",3,NA,3,"20uL","taqpath",500,50,50,"MNS LOD/Saliva Negatives",NA,NA,"copies_per_ml_lysate","11","E","ATCTCGGAGG","TGTTCCGCAT","ATCTCGGAGG","TGTTCCGCAT",56786,19170,50,0,2.96213030097543,TRUE,"TRUE"
"55","Plate3-E13",95019,88670,"E13",62268,"Plate3","MNS NS","4000","A","N1_S2_RPP30","3",3,NA,3,"20uL","taqpath",500,50,50,"MNS LOD/Saliva Negatives",NA,NA,"copies_per_ml_lysate","13","E","AGCTGGAACA","GATGGTACCT","AGCTGGAACA","GATGGTACCT",62267,26403,6349,0,2.358279048629,TRUE,"TRUE"
"56","Plate3-E15",99281,93761,"E15",72290,"Plate3","MNS NS","4000","A","N1_S2_RPP30","3",3,NA,3,"20uL","taqpath",500,50,50,"MNS LOD/Saliva Negatives",NA,NA,"copies_per_ml_lysate","15","E","GAGGATGGCA","AAGGACCGGA","GAGGATGGCA","AAGGACCGGA",72288,21473,5520,0,3.36635000465679,TRUE,"TRUE"
"57","Plate3-E17",99553,91759,"E17",65659,"Plate3","MNS NS","4000","A","N1_S2_RPP30","3",3,NA,3,"20uL","taqpath",500,50,50,"MNS LOD/Saliva Negatives",NA,NA,"copies_per_ml_lysate","17","E","GGATGGCGTA","AACTTCATCC","GGATGGCGTA","AACTTCATCC",65656,26103,7794,0,2.51520839718051,TRUE,"TRUE"
"58","Plate3-E19",93793,84247,"E19",59680,"Plate3","MNS NS","4000","A","N1_S2_RPP30","3",3,NA,3,"20uL","taqpath",500,50,50,"MNS LOD/Saliva Negatives",NA,NA,"copies_per_ml_lysate","19","E","GTCATAGACC","TCTGTCTGAG","GTCATAGACC","TCTGTCTGAG",59673,24574,9546,0,2.42824008138352,TRUE,"TRUE"
"59","Plate3-E21",65678,56875,"E21",40289,"Plate3","MNS NS","4000","A","N1_S2_RPP30","3",3,NA,3,"20uL","taqpath",500,50,50,"MNS LOD/Saliva Negatives",NA,NA,"copies_per_ml_lysate","21","E","GGCGAATACT","CGGCCTCATT","GGCGAATACT","CGGCCTCATT",40281,16594,8803,0,2.42735763784272,TRUE,"TRUE"
"60","Plate3-E23",94835,85405,"E23",73196,"Plate3","MNS NS","4000","A","N1_S2_RPP30","3",3,NA,3,"20uL","taqpath",500,50,50,"MNS LOD/Saliva Negatives",NA,NA,"copies_per_ml_lysate","23","E","TCCTTCACGC","CTTATTCGTC","TCCTTCACGC","CTTATTCGTC",67606,17799,9430,0,3.79814606741573,TRUE,"TRUE"
"61","Plate3-F02",109160,99013,"F02",84033,"Plate3","MNS NS","4000","D","N1_S2_RPP30","3",3,NA,3,"20uL","taqpath",500,50,50,"MNS LOD/Saliva Negatives",NA,NA,"copies_per_ml_lysate","02","F","TTGTATGGCA","CCATATCGTC","TTGTATGGCA","CCATATCGTC",84006,15007,10147,0,5.59748134328358,TRUE,"TRUE"
"62","Plate3-F04",95733,86236,"F04",70597,"Plate3","MNS NS","4000","D","N1_S2_RPP30","3",3,NA,3,"20uL","taqpath",500,50,50,"MNS LOD/Saliva Negatives",NA,NA,"copies_per_ml_lysate","04","F","CTCCGTTCCA","TACCTCTAAC","CTCCGTTCCA","TACCTCTAAC",69977,16259,9497,0,4.30369003690037,TRUE,"TRUE"
"63","Plate3-F06",103482,92590,"F06",76798,"Plate3","MNS NS","4000","D","N1_S2_RPP30","3",3,NA,3,"20uL","taqpath",500,50,50,"MNS LOD/Saliva Negatives",NA,NA,"copies_per_ml_lysate","06","F","GTCGTATTCC","CATACAACCG","GTCGTATTCC","CATACAACCG",76762,15828,10892,0,4.84951670983638,TRUE,"TRUE"
"64","Plate3-F08",105058,96414,"F08",116463,"Plate3","MNS NS","4000","D","N1_S2_RPP30","3",3,NA,3,"20uL","taqpath",500,50,50,"MNS LOD/Saliva Negatives",NA,NA,"copies_per_ml_lysate","08","F","TATAGCGATC","ATCACCAGAG","TATAGCGATC","ATCACCAGAG",81603,14811,8644,0,5.50931677018634,TRUE,"TRUE"
"65","Plate3-F10",104052,95330,"F10",78336,"Plate3","MNS NS","4000","D","N1_S2_RPP30","3",3,NA,3,"20uL","taqpath",500,50,50,"MNS LOD/Saliva Negatives",NA,NA,"copies_per_ml_lysate","10","F","ACTGGAATAG","TACGTCCACG","ACTGGAATAG","TACGTCCACG",78334,16996,8722,0,4.60875448608578,TRUE,"TRUE"
"66","Plate3-F12",102240,91084,"F12",185988,"Plate3","MNS NS","4000","D","N1_S2_RPP30","3",3,NA,3,"20uL","taqpath",500,50,50,"MNS LOD/Saliva Negatives",NA,NA,"copies_per_ml_lysate","12","F","CCTCCATTAA","CAATGGACGC","CCTCCATTAA","CAATGGACGC",74257,16827,11156,0,4.41276444021868,TRUE,"TRUE"
"67","Plate3-F14",95816,84400,"F14",67024,"Plate3","MNS NS","4000","D","N1_S2_RPP30","3",3,NA,3,"20uL","taqpath",500,50,50,"MNS LOD/Saliva Negatives",NA,NA,"copies_per_ml_lysate","14","F","TATAGCACCA","TAACAGGCGC","TATAGCACCA","TAACAGGCGC",67020,17380,11416,0,3.8559921753639,TRUE,"TRUE"
"68","Plate3-F16",109500,99574,"F16",80024,"Plate3","MNS NS","4000","D","N1_S2_RPP30","3",3,NA,3,"20uL","taqpath",500,50,50,"MNS LOD/Saliva Negatives",NA,NA,"copies_per_ml_lysate","16","F","TTCGTGTCGA","AGGTATCGAC","TTCGTGTCGA","AGGTATCGAC",80024,19550,9926,0,4.09314101580482,TRUE,"TRUE"
"69","Plate3-F18",112697,101429,"F18",83948,"Plate3","MNS NS","4000","D","N1_S2_RPP30","3",3,NA,3,"20uL","taqpath",500,50,50,"MNS LOD/Saliva Negatives",NA,NA,"copies_per_ml_lysate","18","F","TAGTCGTCAC","TCGACGTTCG","TAGTCGTCAC","TCGACGTTCG",83941,17488,11268,0,4.79970267024987,TRUE,"TRUE"
"70","Plate3-F20",90585,80485,"F20",65566,"Plate3","MNS NS","4000","D","N1_S2_RPP30","3",3,NA,3,"20uL","taqpath",500,50,50,"MNS LOD/Saliva Negatives",NA,NA,"copies_per_ml_lysate","20","F","GTTCAATCCG","ATATCGACGT","GTTCAATCCG","ATATCGACGT",65554,14931,10100,0,4.39023573533351,TRUE,"TRUE"
"71","Plate3-F22",29464,28727,"F22",23084,"Plate3","MNS NS","4000","D","N1_S2_RPP30","3",3,NA,3,"20uL","taqpath",500,50,50,"MNS LOD/Saliva Negatives",NA,NA,"copies_per_ml_lysate","22","F","GTAGCCTATG","GACAGGCCAT","GTAGCCTATG","GACAGGCCAT",23082,5645,737,0,4.08838115479986,TRUE,"TRUE"
"72","Plate3-F24",70518,70070,"F24",58532,"Plate3","MNS NS","4000","D","N1_S2_RPP30","3",3,NA,3,"20uL","taqpath",500,50,50,"MNS LOD/Saliva Negatives",NA,NA,"copies_per_ml_lysate","24","F","TCGTCGTGTC","AGCGGACAAG","TCGTCGTGTC","AGCGGACAAG",58528,11542,448,0,5.07051892922117,TRUE,"TRUE"
"73","Plate3-G01",86996,79682,"G01",45050,"Plate3","MNS NS","2000","A","N1_S2_RPP30","3",3,NA,3,"20uL","taqpath",500,50,50,"MNS LOD/Saliva Negatives",NA,NA,"copies_per_ml_lysate","01","G","TCAGTATGAC","AGAGTACGTC","TCAGTATGAC","AGAGTACGTC",44358,35324,7314,0,1.25573956121727,TRUE,"TRUE"
"74","Plate3-G03",62835,60906,"G03",33469,"Plate3","MNS NS","2000","A","N1_S2_RPP30","3",3,NA,3,"20uL","taqpath",500,50,50,"MNS LOD/Saliva Negatives",NA,NA,"copies_per_ml_lysate","03","G","CTCATGCCTA","AGGCGTGATT","CTCATGCCTA","AGGCGTGATT",33464,27442,1929,0,1.21943665051197,TRUE,"TRUE"
"75","Plate3-G05",73210,68060,"G05",36845,"Plate3","MNS NS","2000","A","N1_S2_RPP30","3",3,NA,3,"20uL","taqpath",500,50,50,"MNS LOD/Saliva Negatives",NA,NA,"copies_per_ml_lysate","05","G","ACAACCTGTA","AGCGTTGTCG","ACAACCTGTA","AGCGTTGTCG",36841,31219,4998,152,1.18007687379885,TRUE,"TRUE"
"76","Plate3-G07",59197,51725,"G07",32310,"Plate3","MNS NS","2000","A","N1_S2_RPP30","3",3,NA,3,"20uL","taqpath",500,50,50,"MNS LOD/Saliva Negatives",NA,NA,"copies_per_ml_lysate","07","G","GTCAGCAAGC","CATGTCCACT","GTCAGCAAGC","CATGTCCACT",32309,19416,7472,0,1.66400576814132,TRUE,"TRUE"
"77","Plate3-G09",81402,75769,"G09",48536,"Plate3","MNS NS","2000","A","N1_S2_RPP30","3",3,NA,3,"20uL","taqpath",500,50,50,"MNS LOD/Saliva Negatives",NA,NA,"copies_per_ml_lysate","09","G","AGAACCGACG","ACCAAGGAAT","AGAACCGACG","ACCAAGGAAT",48532,27237,5633,0,1.78181217416844,TRUE,"TRUE"
"78","Plate3-G11",71172,62720,"G11",40006,"Plate3","MNS NS","2000","A","N1_S2_RPP30","3",3,NA,3,"20uL","taqpath",500,50,50,"MNS LOD/Saliva Negatives",NA,NA,"copies_per_ml_lysate","11","G","ATGTTCCTCC","AGACGTCTTC","ATGTTCCTCC","AGACGTCTTC",40006,22714,8452,0,1.76125907990315,TRUE,"TRUE"
"79","Plate3-G13",91581,82013,"G13",57177,"Plate3","MNS NS","2000","A","N1_S2_RPP30","3",3,NA,3,"20uL","taqpath",500,50,50,"MNS LOD/Saliva Negatives",NA,NA,"copies_per_ml_lysate","13","G","CCAGTAACCA","TGTGCGTTCT","CCAGTAACCA","TGTGCGTTCT",57177,24836,9568,0,2.30212988686234,TRUE,"TRUE"
"80","Plate3-G15",96563,87705,"G15",57874,"Plate3","MNS NS","2000","A","N1_S2_RPP30","3",3,NA,3,"20uL","taqpath",500,50,50,"MNS LOD/Saliva Negatives",NA,NA,"copies_per_ml_lysate","15","G","ACTCAGACAG","GTGAGTCTGT","ACTCAGACAG","GTGAGTCTGT",57874,29831,8858,0,1.94003083936712,TRUE,"TRUE"
"81","Plate3-G17",90999,82546,"G17",59423,"Plate3","MNS NS","2000","A","N1_S2_RPP30","3",3,NA,3,"20uL","taqpath",500,50,50,"MNS LOD/Saliva Negatives",NA,NA,"copies_per_ml_lysate","17","G","GTCACGATAC","CGGTTATCGC","GTCACGATAC","CGGTTATCGC",59423,23123,8453,0,2.56979761286975,TRUE,"TRUE"
"82","Plate3-G19",88656,80522,"G19",49450,"Plate3","MNS NS","2000","A","N1_S2_RPP30","3",3,NA,3,"20uL","taqpath",500,50,50,"MNS LOD/Saliva Negatives",NA,NA,"copies_per_ml_lysate","19","G","AACGAAGCTC","TCAGAGGTCG","AACGAAGCTC","TCAGAGGTCG",49447,31075,8134,0,1.59119577809242,TRUE,"TRUE"
"83","Plate3-G21",66608,57702,"G21",32847,"Plate3","MNS NS","2000","A","N1_S2_RPP30","3",3,NA,3,"20uL","taqpath",500,50,50,"MNS LOD/Saliva Negatives",NA,NA,"copies_per_ml_lysate","21","G","GAATCTGGAC","CATCTTCAGC","GAATCTGGAC","CATCTTCAGC",32844,24858,8906,0,1.32125186049318,TRUE,"TRUE"
"84","Plate3-G23",73233,64107,"G23",41576,"Plate3","MNS NS","2000","A","N1_S2_RPP30","3",3,NA,3,"20uL","taqpath",500,50,50,"MNS LOD/Saliva Negatives",NA,NA,"copies_per_ml_lysate","23","G","CTCTCCGCTA","CAGCCATACC","CTCTCCGCTA","CAGCCATACC",41572,22535,9126,0,1.84473730919418,TRUE,"TRUE"
"85","Plate3-H02",70090,63184,"H02",43215,"Plate3","MNS NS","2000","D","N1_S2_RPP30","3",3,NA,3,"20uL","taqpath",500,50,50,"MNS LOD/Saliva Negatives",NA,NA,"copies_per_ml_lysate","02","H","ACTAGGCCGA","GTGATTACCT","ACTAGGCCGA","GTGATTACCT",43215,19969,6906,0,2.16404606910366,TRUE,"TRUE"
"86","Plate3-H04",86249,77744,"H04",56368,"Plate3","MNS NS","2000","D","N1_S2_RPP30","3",3,NA,3,"20uL","taqpath",500,50,50,"MNS LOD/Saliva Negatives",NA,NA,"copies_per_ml_lysate","04","H","CGACGTTCAC","AGCGTGGTTC","CGACGTTCAC","AGCGTGGTTC",56367,21377,8505,0,2.63672934792778,TRUE,"TRUE"
"87","Plate3-H06",107435,97201,"H06",76680,"Plate3","MNS NS","2000","D","N1_S2_RPP30","3",3,NA,3,"20uL","taqpath",500,50,50,"MNS LOD/Saliva Negatives",NA,NA,"copies_per_ml_lysate","06","H","TGGTCGCTCA","TTGTGGAGGC","TGGTCGCTCA","TTGTGGAGGC",73450,23751,10234,0,3.09241327046143,TRUE,"TRUE"
"88","Plate3-H08",98295,87489,"H08",60234,"Plate3","MNS NS","2000","D","N1_S2_RPP30","3",3,NA,3,"20uL","taqpath",500,50,50,"MNS LOD/Saliva Negatives",NA,NA,"copies_per_ml_lysate","08","H","TCCTGGTGAC","ATCATCAGGC","TCCTGGTGAC","ATCATCAGGC",60233,27256,10806,0,2.20985434934145,TRUE,"TRUE"
"89","Plate3-H10",90009,82013,"H10",204453,"Plate3","MNS NS","2000","D","N1_S2_RPP30","3",3,NA,3,"20uL","taqpath",500,50,50,"MNS LOD/Saliva Negatives",NA,NA,"copies_per_ml_lysate","10","H","ATCGCTCAGA","ATTCCAAGGC","ATCGCTCAGA","ATTCCAAGGC",51272,30741,7996,0,1.66784854596318,TRUE,"TRUE"
"90","Plate3-H12",68944,64188,"H12",46895,"Plate3","MNS NS","2000","D","N1_S2_RPP30","3",3,NA,3,"20uL","taqpath",500,50,50,"MNS LOD/Saliva Negatives",NA,NA,"copies_per_ml_lysate","12","H","CAGTGCAACC","AAGTAGAGGC","CAGTGCAACC","AAGTAGAGGC",46895,17293,4756,0,2.71169191627154,TRUE,"TRUE"
"91","Plate3-H14",106092,95210,"H14",69988,"Plate3","MNS NS","2000","D","N1_S2_RPP30","3",3,NA,3,"20uL","taqpath",500,50,50,"MNS LOD/Saliva Negatives",NA,NA,"copies_per_ml_lysate","14","H","CGACTACTCC","AACTGGTCGC","CGACTACTCC","AACTGGTCGC",69443,25767,10882,0,2.69497050605402,TRUE,"TRUE"
"92","Plate3-H16",92653,85404,"H16",49221,"Plate3","MNS NS","2000","D","N1_S2_RPP30","3",3,NA,3,"20uL","taqpath",500,50,50,"MNS LOD/Saliva Negatives",NA,NA,"copies_per_ml_lysate","16","H","GAAGGTGGTA","AGCGAACCTT","GAAGGTGGTA","AGCGAACCTT",49220,36184,7249,0,1.36025977615034,TRUE,"TRUE"
"93","Plate3-H18",102479,92127,"H18",70319,"Plate3","MNS NS","2000","D","N1_S2_RPP30","3",3,NA,3,"20uL","taqpath",500,50,50,"MNS LOD/Saliva Negatives",NA,NA,"copies_per_ml_lysate","18","H","GTCAGATTCA","CGATCCAGGA","GTCAGATTCA","CGATCCAGGA",70297,21830,10352,0,3.22009985800009,TRUE,"TRUE"
"94","Plate3-H20",89404,79328,"H20",53497,"Plate3","MNS NS","2000","D","N1_S2_RPP30","3",3,NA,3,"20uL","taqpath",500,50,50,"MNS LOD/Saliva Negatives",NA,NA,"copies_per_ml_lysate","20","H","GTGCGCTGTA","TCTGAACAAC","GTGCGCTGTA","TCTGAACAAC",53493,25835,10076,0,2.07052175259328,TRUE,"TRUE"
"95","Plate3-H22",86531,79431,"H22",54976,"Plate3","MNS NS","2000","D","N1_S2_RPP30","3",3,NA,3,"20uL","taqpath",500,50,50,"MNS LOD/Saliva Negatives",NA,NA,"copies_per_ml_lysate","22","H","ACTGTAGTAC","GACAACGGAT","ACTGTAGTAC","GACAACGGAT",54950,24481,7100,0,2.24454701413283,TRUE,"TRUE"
"96","Plate3-H24",86175,77808,"H24",53513,"Plate3","MNS NS","2000","D","N1_S2_RPP30","3",3,NA,3,"20uL","taqpath",500,50,50,"MNS LOD/Saliva Negatives",NA,NA,"copies_per_ml_lysate","24","H","ATGCTCCGGA","TCTAATCGAC","ATGCTCCGGA","TCTAATCGAC",53510,24298,8367,0,2.2021893905099,TRUE,"TRUE"
"97","Plate3-I01",81978,75000,"I01",37423,"Plate3","MNS NS","1000","A","N1_S2_RPP30","3",3,NA,3,"20uL","taqpath",500,50,50,"MNS LOD/Saliva Negatives",NA,NA,"copies_per_ml_lysate","01","I","CCAATGTGTC","GGTGACACCT","CCAATGTGTC","GGTGACACCT",37419,37581,6978,0,0.995689425788941,TRUE,"TRUE"
"98","Plate3-I03",50972,50757,"I03",21685,"Plate3","MNS NS","1000","A","N1_S2_RPP30","3",3,NA,3,"20uL","taqpath",500,50,50,"MNS LOD/Saliva Negatives",NA,NA,"copies_per_ml_lysate","03","I","ACTGGCTATC","CGTTCCACTC","ACTGGCTATC","CGTTCCACTC",21282,29475,215,0,0.722045053602931,TRUE,"TRUE"
"99","Plate3-I05",66342,57759,"I05",26349,"Plate3","MNS NS","1000","A","N1_S2_RPP30","3",3,NA,3,"20uL","taqpath",500,50,50,"MNS LOD/Saliva Negatives",NA,NA,"copies_per_ml_lysate","05","I","GTATCACTCC","ATATCCAACG","GTATCACTCC","ATATCCAACG",26347,31412,8583,0,0.838761022506606,TRUE,"TRUE"
"100","Plate3-I07",52132,51914,"I07",22501,"Plate3","MNS NS","1000","A","N1_S2_RPP30","3",3,NA,3,"20uL","taqpath",500,50,50,"MNS LOD/Saliva Negatives",NA,NA,"copies_per_ml_lysate","07","I","GAGATGCGAA","GCAGTGATAC","GAGATGCGAA","GCAGTGATAC",22499,29415,218,0,0.764889855860756,TRUE,"TRUE"
"101","Plate3-I09",68038,60648,"I09",26803,"Plate3","MNS NS","1000","A","N1_S2_RPP30","3",3,NA,3,"20uL","taqpath",500,50,50,"MNS LOD/Saliva Negatives",NA,NA,"copies_per_ml_lysate","09","I","TGTACATACC","ATCGTGCGGT","TGTACATACC","ATCGTGCGGT",26801,33847,7390,0,0.791834081777358,TRUE,"TRUE"
"102","Plate3-I11",60179,59342,"I11",24801,"Plate3","MNS NS","1000","A","N1_S2_RPP30","3",3,NA,3,"20uL","taqpath",500,50,50,"MNS LOD/Saliva Negatives",NA,NA,"copies_per_ml_lysate","11","I","GTGAGACATC","AGGTCTCCAG","GTGAGACATC","AGGTCTCCAG",24800,34542,837,0,0.717974698202241,TRUE,"TRUE"
"103","Plate3-I13",59787,53454,"I13",29366,"Plate3","MNS NS","1000","A","N1_S2_RPP30","3",3,NA,3,"20uL","taqpath",500,50,50,"MNS LOD/Saliva Negatives",NA,NA,"copies_per_ml_lysate","13","I","GTGCGACTAG","TAACAGCTAG","GTGCGACTAG","TAACAGCTAG",29364,24090,6333,0,1.21891992860404,TRUE,"TRUE"
"104","Plate3-I15",83104,73573,"I15",34566,"Plate3","MNS NS","1000","A","N1_S2_RPP30","3",3,NA,3,"20uL","taqpath",500,50,50,"MNS LOD/Saliva Negatives",NA,NA,"copies_per_ml_lysate","15","I","AATGTCCAAG","TATTGTGCGG","AATGTCCAAG","TATTGTGCGG",34565,39008,9531,0,0.886103206952242,TRUE,"TRUE"
"105","Plate3-I17",69532,61248,"I17",31519,"Plate3","MNS NS","1000","A","N1_S2_RPP30","3",3,NA,3,"20uL","taqpath",500,50,50,"MNS LOD/Saliva Negatives",NA,NA,"copies_per_ml_lysate","17","I","ACACTTATCG","GTTGAACGTG","ACACTTATCG","GTTGAACGTG",31518,29730,8284,0,1.06013924859574,TRUE,"TRUE"
"106","Plate3-I19",72502,63675,"I19",28946,"Plate3","MNS NS","1000","A","N1_S2_RPP30","3",3,NA,3,"20uL","taqpath",500,50,50,"MNS LOD/Saliva Negatives",NA,NA,"copies_per_ml_lysate","19","I","GGTCTCTTAG","AACGACACGT","GGTCTCTTAG","AACGACACGT",28939,34736,8827,0,0.833117425223825,TRUE,"TRUE"
"107","Plate3-I21",53405,49674,"I21",23316,"Plate3","MNS NS","1000","A","N1_S2_RPP30","3",3,NA,3,"20uL","taqpath",500,50,50,"MNS LOD/Saliva Negatives",NA,NA,"copies_per_ml_lysate","21","I","GGTTGGTCAG","ATAAGGCGTG","GGTTGGTCAG","ATAAGGCGTG",23310,26364,3731,0,0.884164612175232,TRUE,"TRUE"
"108","Plate3-I23",44958,38301,"I23",4697,"Plate3","MNS NS","1000","A","N1_S2_RPP30","3",3,NA,3,"20uL","taqpath",500,50,50,"MNS LOD/Saliva Negatives",NA,NA,"copies_per_ml_lysate","23","I","TCAGACTCTC","TGATCGTCTC","TCAGACTCTC","TGATCGTCTC",4686,33615,6657,0,0.139427653498334,TRUE,"TRUE"
"109","Plate3-J02",43964,36151,"J02",19347,"Plate3","MNS NS","1000","D","N1_S2_RPP30","3",3,NA,3,"20uL","taqpath",500,50,50,"MNS LOD/Saliva Negatives",NA,NA,"copies_per_ml_lysate","02","J","GTGTCGCTCT","AGTTCGACTT","GTGTCGCTCT","AGTTCGACTT",19343,16808,7813,0,1.1508120649652,TRUE,"TRUE"
"110","Plate3-J04",71692,65684,"J04",39091,"Plate3","MNS NS","1000","D","N1_S2_RPP30","3",3,NA,3,"20uL","taqpath",500,50,50,"MNS LOD/Saliva Negatives",NA,NA,"copies_per_ml_lysate","04","J","ATGATGCGAC","ATCGAGTGTT","ATGATGCGAC","ATCGAGTGTT",39086,26598,6008,0,1.46949133426069,TRUE,"TRUE"
"111","Plate3-J06",79437,72116,"J06",36970,"Plate3","MNS NS","1000","D","N1_S2_RPP30","3",3,NA,3,"20uL","taqpath",500,50,50,"MNS LOD/Saliva Negatives",NA,NA,"copies_per_ml_lysate","06","J","AGTGTGCTTA","TAAGCTAGCC","AGTGTGCTTA","TAAGCTAGCC",36969,35147,7321,0,1.05183794241493,TRUE,"TRUE"
"112","Plate3-J08",71202,65024,"J08",120320,"Plate3","MNS NS","1000","D","N1_S2_RPP30","3",3,NA,3,"20uL","taqpath",500,50,50,"MNS LOD/Saliva Negatives",NA,NA,"copies_per_ml_lysate","08","J","GTGATCGCAT","AGCGATGTAT","GTGATCGCAT","AGCGATGTAT",37024,28000,6178,0,1.3222742044927,TRUE,"TRUE"
"113","Plate3-J10",67283,65476,"J10",38923,"Plate3","MNS NS","1000","D","N1_S2_RPP30","3",3,NA,3,"20uL","taqpath",500,50,50,"MNS LOD/Saliva Negatives",NA,NA,"copies_per_ml_lysate","10","J","GGCATCTTAC","GACGAGTGGT","GGCATCTTAC","GACGAGTGGT",38922,26554,1807,0,1.4657503295048,TRUE,"TRUE"
"114","Plate3-J12",54447,48848,"J12",77124,"Plate3","MNS NS","1000","D","N1_S2_RPP30","3",3,NA,3,"20uL","taqpath",500,50,50,"MNS LOD/Saliva Negatives",NA,NA,"copies_per_ml_lysate","12","J","TGGCGTCTAA","ATCGCACGAC","TGGCGTCTAA","ATCGCACGAC",25647,23201,5599,0,1.10542194638393,TRUE,"TRUE"
"115","Plate3-J14",64056,54432,"J14",30420,"Plate3","MNS NS","1000","D","N1_S2_RPP30","3",3,NA,3,"20uL","taqpath",500,50,50,"MNS LOD/Saliva Negatives",NA,NA,"copies_per_ml_lysate","14","J","TTCACAGAGG","ACACGTTAGT","TTCACAGAGG","ACACGTTAGT",30420,24012,9624,0,1.26685545329613,TRUE,"TRUE"
"116","Plate3-J16",82821,71668,"J16",47794,"Plate3","MNS NS","1000","D","N1_S2_RPP30","3",3,NA,3,"20uL","taqpath",500,50,50,"MNS LOD/Saliva Negatives",NA,NA,"copies_per_ml_lysate","16","J","CAGCCAGGAA","TGTTGGCTAG","CAGCCAGGAA","TGTTGGCTAG",42236,29432,11153,0,1.43502191417796,TRUE,"TRUE"
"117","Plate3-J18",59687,51113,"J18",26958,"Plate3","MNS NS","1000","D","N1_S2_RPP30","3",3,NA,3,"20uL","taqpath",500,50,50,"MNS LOD/Saliva Negatives",NA,NA,"copies_per_ml_lysate","18","J","AGACAGGCAA","GTTGTTGCCA","AGACAGGCAA","GTTGTTGCCA",26954,24159,8574,0,1.11568708609272,TRUE,"TRUE"
"118","Plate3-J20",52533,47649,"J20",24248,"Plate3","MNS NS","1000","D","N1_S2_RPP30","3",3,NA,3,"20uL","taqpath",500,50,50,"MNS LOD/Saliva Negatives",NA,NA,"copies_per_ml_lysate","20","J","ATCTACATGC","CTTGCGAATC","ATCTACATGC","CTTGCGAATC",24247,23402,4884,0,1.03610648207495,TRUE,"TRUE"
"119","Plate3-J22",84055,77039,"J22",48207,"Plate3","MNS NS","1000","D","N1_S2_RPP30","3",3,NA,3,"20uL","taqpath",500,50,50,"MNS LOD/Saliva Negatives",NA,NA,"copies_per_ml_lysate","22","J","TTGAACTCCA","GCTGAGATAG","TTGAACTCCA","GCTGAGATAG",48206,28833,7016,0,1.67188041894985,TRUE,"TRUE"
"120","Plate3-J24",71163,62167,"J24",33970,"Plate3","MNS NS","1000","D","N1_S2_RPP30","3",3,NA,3,"20uL","taqpath",500,50,50,"MNS LOD/Saliva Negatives",NA,NA,"copies_per_ml_lysate","24","J","TATGTCGTTG","GGATCCAATT","TATGTCGTTG","GGATCCAATT",33966,28201,8996,0,1.20441812637402,TRUE,"TRUE"
"121","Plate3-K01",63209,56693,"K01",16468,"Plate3","MNS NS","500","A","N1_S2_RPP30","3",3,NA,3,"20uL","taqpath",500,50,50,"MNS LOD/Saliva Negatives",NA,NA,"copies_per_ml_lysate","01","K","TATGTCTCGG","GGATCTGTAT","TATGTCTCGG","GGATCTGTAT",16468,40225,6516,0,0.409411823198926,TRUE,"TRUE"
"122","Plate3-K03",52678,51818,"K03",16143,"Plate3","MNS NS","500","A","N1_S2_RPP30","3",3,NA,3,"20uL","taqpath",500,50,50,"MNS LOD/Saliva Negatives",NA,NA,"copies_per_ml_lysate","03","K","TTGAGCAGGA","ACTTGTGTCG","TTGAGCAGGA","ACTTGTGTCG",16141,35677,860,0,0.45243567464544,TRUE,"TRUE"
"123","Plate3-K05",47764,45005,"K05",12112,"Plate3","MNS NS","500","A","N1_S2_RPP30","3",3,NA,3,"20uL","taqpath",500,50,50,"MNS LOD/Saliva Negatives",NA,NA,"copies_per_ml_lysate","05","K","TTGCCTTCTC","AAGGCGCTTC","TTGCCTTCTC","AAGGCGCTTC",12111,32894,2759,0,0.368201854385165,TRUE,"TRUE"
"124","Plate3-K07",45520,35948,"K07",9977,"Plate3","MNS NS","500","A","N1_S2_RPP30","3",3,NA,3,"20uL","taqpath",500,50,50,"MNS LOD/Saliva Negatives",NA,NA,"copies_per_ml_lysate","07","K","GATCATTGGA","ACGTCTTAAC","GATCATTGGA","ACGTCTTAAC",9975,25973,9572,0,0.384076384076384,TRUE,"TRUE"
"125","Plate3-K09",75046,66416,"K09",18016,"Plate3","MNS NS","500","A","N1_S2_RPP30","3",3,NA,3,"20uL","taqpath",500,50,50,"MNS LOD/Saliva Negatives",NA,NA,"copies_per_ml_lysate","09","K","CCTGACTAAG","ACGCCTTGTT","CCTGACTAAG","ACGCCTTGTT",18008,48408,8630,0,0.372017600033052,TRUE,"TRUE"
"126","Plate3-K11",66155,61788,"K11",23024,"Plate3","MNS NS","500","A","N1_S2_RPP30","3",3,NA,3,"20uL","taqpath",500,50,50,"MNS LOD/Saliva Negatives",NA,NA,"copies_per_ml_lysate","11","K","AAGCTATTGC","CATCGCTTGC","AAGCTATTGC","CATCGCTTGC",23014,38774,4367,0,0.593552546744036,TRUE,"TRUE"
"127","Plate3-K13",77104,66854,"K13",20051,"Plate3","MNS NS","500","A","N1_S2_RPP30","3",3,NA,3,"20uL","taqpath",500,50,50,"MNS LOD/Saliva Negatives",NA,NA,"copies_per_ml_lysate","13","K","GCCTTGCCAA","GTCAGACTTG","GCCTTGCCAA","GTCAGACTTG",20050,46804,10250,0,0.428394402307446,TRUE,"TRUE"
"128","Plate3-K15",27971,17640,"K15",2490,"Plate3","MNS NS","500","A","N1_S2_RPP30","3",3,NA,3,"20uL","taqpath",500,50,50,"MNS LOD/Saliva Negatives",NA,NA,"copies_per_ml_lysate","15","K","GAGAGTATCC","TTAGATACGG","GAGAGTATCC","TTAGATACGG",2490,15150,10331,0,0.16441158999406,TRUE,"TRUE"
"129","Plate3-K17",80964,71006,"K17",30635,"Plate3","MNS NS","500","A","N1_S2_RPP30","3",3,NA,3,"20uL","taqpath",500,50,50,"MNS LOD/Saliva Negatives",NA,NA,"copies_per_ml_lysate","17","K","TTAACTGGTC","ATGATGCTCG","TTAACTGGTC","ATGATGCTCG",30632,40374,9958,0,0.758712074303406,TRUE,"TRUE"
"130","Plate3-K19",52928,45792,"K19",14391,"Plate3","MNS NS","500","A","N1_S2_RPP30","3",3,NA,3,"20uL","taqpath",500,50,50,"MNS LOD/Saliva Negatives",NA,NA,"copies_per_ml_lysate","19","K","GGTCGATACA","ATAGCCTCGA","GGTCGATACA","ATAGCCTCGA",14383,31409,7136,0,0.457943330149634,TRUE,"TRUE"
"131","Plate3-K21",27094,18936,"K21",6209,"Plate3","MNS NS","500","A","N1_S2_RPP30","3",3,NA,3,"20uL","taqpath",500,50,50,"MNS LOD/Saliva Negatives",NA,NA,"copies_per_ml_lysate","21","K","TTACCACACC","GACTATCGTG","TTACCACACC","GACTATCGTG",5461,13475,8158,0,0.405313149302464,TRUE,"TRUE"
"132","Plate3-K23",64187,56937,"K23",11915,"Plate3","MNS NS","500","A","N1_S2_RPP30","3",3,NA,3,"20uL","taqpath",500,50,50,"MNS LOD/Saliva Negatives",NA,NA,"copies_per_ml_lysate","23","K","GAAGTCCGTG","GCCGTGAGTT","GAAGTCCGTG","GCCGTGAGTT",11906,45031,7250,0,0.264411973707586,TRUE,"TRUE"
"133","Plate3-L02",55562,52683,"L02",16309,"Plate3","MNS NS","500","D","N1_S2_RPP30","3",3,NA,3,"20uL","taqpath",500,50,50,"MNS LOD/Saliva Negatives",NA,NA,"copies_per_ml_lysate","02","L","CTGACTCGAA","GACGGAGTGA","CTGACTCGAA","GACGGAGTGA",16274,36409,2879,0,0.44699258445482,TRUE,"TRUE"
"134","Plate3-L04",67779,57926,"L04",23976,"Plate3","MNS NS","500","D","N1_S2_RPP30","3",3,NA,3,"20uL","taqpath",500,50,50,"MNS LOD/Saliva Negatives",NA,NA,"copies_per_ml_lysate","04","L","GTCGTTCTAA","TGAACAGCCA","GTCGTTCTAA","TGAACAGCCA",23964,33962,9567,286,0.705620822659954,TRUE,"TRUE"
"135","Plate3-L06",73340,66705,"L06",24323,"Plate3","MNS NS","500","D","N1_S2_RPP30","3",3,NA,3,"20uL","taqpath",500,50,50,"MNS LOD/Saliva Negatives",NA,NA,"copies_per_ml_lysate","06","L","AGACGAAGAA","TTCGCCTATA","AGACGAAGAA","TTCGCCTATA",11543,55162,6635,0,0.20927070681435,TRUE,"TRUE"
"136","Plate3-L08",54804,44423,"L08",21364,"Plate3","MNS NS","500","D","N1_S2_RPP30","3",3,NA,3,"20uL","taqpath",500,50,50,"MNS LOD/Saliva Negatives",NA,NA,"copies_per_ml_lysate","08","L","TGTGCTTGTC","GGATGTGTCG","TGTGCTTGTC","GGATGTGTCG",21362,23061,10381,0,0.926329026103547,TRUE,"TRUE"
"137","Plate3-L10",53743,46398,"L10",39710,"Plate3","MNS NS","500","D","N1_S2_RPP30","3",3,NA,3,"20uL","taqpath",500,50,50,"MNS LOD/Saliva Negatives",NA,NA,"copies_per_ml_lysate","10","L","AAGCCATGCG","CTGAAGCCAT","AAGCCATGCG","CTGAAGCCAT",16407,29991,7345,0,0.547079221125633,TRUE,"TRUE"
"138","Plate3-L12",78147,68353,"L12",30635,"Plate3","MNS NS","500","D","N1_S2_RPP30","3",3,NA,3,"20uL","taqpath",500,50,50,"MNS LOD/Saliva Negatives",NA,NA,"copies_per_ml_lysate","12","L","TTACCAACAG","GTATTCGACG","TTACCAACAG","GTATTCGACG",30633,37720,9794,0,0.812120569444076,TRUE,"TRUE"
"139","Plate3-L14",66614,56939,"L14",132819,"Plate3","MNS NS","500","D","N1_S2_RPP30","3",3,NA,3,"20uL","taqpath",500,50,50,"MNS LOD/Saliva Negatives",NA,NA,"copies_per_ml_lysate","14","L","CCAGCTATGC","TTCCGAGGTT","CCAGCTATGC","TTCCGAGGTT",19745,37194,9675,0,0.530877806156742,TRUE,"TRUE"
"140","Plate3-L16",11243,4230,"L16",2033,"Plate3","MNS NS","500","D","N1_S2_RPP30","3",3,NA,3,"20uL","taqpath",500,50,50,"MNS LOD/Saliva Negatives",NA,NA,"copies_per_ml_lysate","16","L","ATACCGATCG","GCCGTAGACT","ATACCGATCG","GCCGTAGACT",2027,2203,7013,0,0.920145190562613,TRUE,"TRUE"
"141","Plate3-L18",68104,60735,"L18",24372,"Plate3","MNS NS","500","D","N1_S2_RPP30","3",3,NA,3,"20uL","taqpath",500,50,50,"MNS LOD/Saliva Negatives",NA,NA,"copies_per_ml_lysate","18","L","ACACAGAACG","GTGTGACCTT","ACACAGAACG","GTGTGACCTT",24371,36364,7369,0,0.670204867317476,TRUE,"TRUE"
"142","Plate3-L20",35894,26734,"L20",11136,"Plate3","MNS NS","500","D","N1_S2_RPP30","3",3,NA,3,"20uL","taqpath",500,50,50,"MNS LOD/Saliva Negatives",NA,NA,"copies_per_ml_lysate","20","L","GGCTTAGCAT","GCCTTATTGT","GGCTTAGCAT","GCCTTATTGT",11134,15600,9160,0,0.713736298955195,TRUE,"TRUE"
"143","Plate3-L22",62377,55385,"L22",19023,"Plate3","MNS NS","500","D","N1_S2_RPP30","3",3,NA,3,"20uL","taqpath",500,50,50,"MNS LOD/Saliva Negatives",NA,NA,"copies_per_ml_lysate","22","L","GTGATGCTTC","TTAGCGATGG","GTGATGCTTC","TTAGCGATGG",19022,36363,6992,0,0.523127268727313,TRUE,"TRUE"
"144","Plate3-L24",38192,27936,"L24",8498,"Plate3","MNS NS","500","D","N1_S2_RPP30","3",3,NA,3,"20uL","taqpath",500,50,50,"MNS LOD/Saliva Negatives",NA,NA,"copies_per_ml_lysate","24","L","TGAGGTATGC","CAGTACACTC","TGAGGTATGC","CAGTACACTC",8497,19439,10256,0,0.437139917695473,TRUE,"TRUE"
"145","Plate3-M01",53464,46293,"M01",5,"Plate3","MNS NS","0","A","N1_S2_RPP30","3",3,NA,3,"20uL","taqpath",500,50,50,"MNS LOD/Saliva Negatives",NA,NA,"copies_per_ml_lysate","01","M","GGTGAGTTCA","GGATCTATGC","GGTGAGTTCA","GGATCTATGC",3,46290,7171,0,8.64098852908773e-05,TRUE,"FALSE"
"146","Plate3-M03",54141,44869,"M03",2,"Plate3","MNS NS","0","A","N1_S2_RPP30","3",3,NA,3,"20uL","taqpath",500,50,50,"MNS LOD/Saliva Negatives",NA,NA,"copies_per_ml_lysate","03","M","GACGTTGCTA","TTACTTCTCC","GACGTTGCTA","TTACTTCTCC",1,44868,9272,0,4.457420490762e-05,TRUE,"FALSE"
"147","Plate3-M05",41545,32603,"M05",2,"Plate3","MNS NS","0","A","N1_S2_RPP30","3",3,NA,3,"20uL","taqpath",500,50,50,"MNS LOD/Saliva Negatives",NA,NA,"copies_per_ml_lysate","05","M","TCGGTTCTGA","ATGCTCTTAC","TCGGTTCTGA","ATGCTCTTAC",2,32601,8942,0,9.20188945463469e-05,TRUE,"FALSE"
"148","Plate3-M07",53287,43528,"M07",5,"Plate3","MNS NS","0","A","N1_S2_RPP30","3",3,NA,3,"20uL","taqpath",500,50,50,"MNS LOD/Saliva Negatives",NA,NA,"copies_per_ml_lysate","07","M","TGAGGACTTA","TTACTGTCAC","TGAGGACTTA","TTACTGTCAC",2,43526,9759,0,6.89227376111379e-05,TRUE,"FALSE"
"149","Plate3-M09",39605,34997,"M09",1,"Plate3","MNS NS","0","A","N1_S2_RPP30","3",3,NA,3,"20uL","taqpath",500,50,50,"MNS LOD/Saliva Negatives",NA,NA,"copies_per_ml_lysate","09","M","CAGTGTTAGA","TCCGGTATTA","CAGTGTTAGA","TCCGGTATTA",1,34996,4608,0,5.71477555219019e-05,TRUE,"FALSE"
"150","Plate3-M11",62745,53492,"M11",7,"Plate3","MNS NS","0","A","N1_S2_RPP30","3",3,NA,3,"20uL","taqpath",500,50,50,"MNS LOD/Saliva Negatives",NA,NA,"copies_per_ml_lysate","11","M","GTCCTATCCA","TCCTCAATGA","GTCCTATCCA","TCCTCAATGA",3,53489,9253,0,7.47803327724808e-05,TRUE,"FALSE"
"151","Plate3-M13",53592,48291,"M13",4,"Plate3","MNS NS","0","A","N1_S2_RPP30","3",3,NA,3,"20uL","taqpath",500,50,50,"MNS LOD/Saliva Negatives",NA,NA,"copies_per_ml_lysate","13","M","AGTGTTCGAA","CCTCCGAAGA","AGTGTTCGAA","CCTCCGAAGA",2,48289,5301,0,6.21246634914061e-05,TRUE,"FALSE"
"152","Plate3-M15",12954,10634,"M15",2,"Plate3","MNS NS","0","A","N1_S2_RPP30","3",3,NA,3,"20uL","taqpath",500,50,50,"MNS LOD/Saliva Negatives",NA,NA,"copies_per_ml_lysate","15","M","GGCAATCTAA","ATTACCTCCA","GGCAATCTAA","ATTACCTCCA",1,10633,2320,0,0.00018807598269701,TRUE,"FALSE"
"153","Plate3-M17",51890,46652,"M17",1,"Plate3","MNS NS","0","A","N1_S2_RPP30","3",3,NA,3,"20uL","taqpath",500,50,50,"MNS LOD/Saliva Negatives",NA,NA,"copies_per_ml_lysate","17","M","ACACTCACAG","AACCGCTAAT","ACACTCACAG","AACCGCTAAT",0,46652,5238,0,2.14348487771419e-05,TRUE,"FALSE"
"154","Plate3-M19",23741,23683,"M19",7,"Plate3","MNS NS","0","A","N1_S2_RPP30","3",3,NA,3,"20uL","taqpath",500,50,50,"MNS LOD/Saliva Negatives",NA,NA,"copies_per_ml_lysate","19","M","ACCAGGTACG","GAGAGTACTT","ACCAGGTACG","GAGAGTACTT",1,23682,58,0,8.44487607144365e-05,TRUE,"FALSE"
"155","Plate3-M21",43606,37394,"M21",1,"Plate3","MNS NS","0","A","N1_S2_RPP30","3",3,NA,3,"20uL","taqpath",500,50,50,"MNS LOD/Saliva Negatives",NA,NA,"copies_per_ml_lysate","21","M","ACGGTGTAGC","AAGCTACATC","ACGGTGTAGC","AAGCTACATC",0,37394,6212,0,2.67415429870304e-05,TRUE,"FALSE"
"156","Plate3-M23",14175,8790,"M23",0,"Plate3","MNS NS","0","A","N1_S2_RPP30","3",3,NA,3,"20uL","taqpath",500,50,50,"MNS LOD/Saliva Negatives",NA,NA,"copies_per_ml_lysate","23","M","GTGTAGCTGA","GGATCAGTTC","GTGTAGCTGA","GGATCAGTTC",0,8790,5385,0,0.000113752701626664,TRUE,"FALSE"
"157","Plate3-N02",56683,47305,"N02",12,"Plate3","MNS NS","0","D","N1_S2_RPP30","3",3,NA,3,"20uL","taqpath",500,50,50,"MNS LOD/Saliva Negatives",NA,NA,"copies_per_ml_lysate","02","N","TCTAACTTGC","TCACGTAGTC","TCTAACTTGC","TCACGTAGTC",2,47303,9378,0,6.34195839675292e-05,TRUE,"FALSE"
"158","Plate3-N04",27469,24212,"N04",37107,"Plate3","MNS NS","0","D","N1_S2_RPP30","3",3,NA,3,"20uL","taqpath",500,50,50,"MNS LOD/Saliva Negatives",NA,NA,"copies_per_ml_lysate","04","N","AGGCTACGAA","AGTGTCGCCA","AGGCTACGAA","AGTGTCGCCA",1,24211,3257,0,8.26036676028416e-05,TRUE,"FALSE"
"159","Plate3-N06",29421,19459,"N06",1,"Plate3","MNS NS","0","D","N1_S2_RPP30","3",3,NA,3,"20uL","taqpath",500,50,50,"MNS LOD/Saliva Negatives",NA,NA,"copies_per_ml_lysate","06","N","GTTACTCTCA","ATATCATCGC","GTTACTCTCA","ATATCATCGC",0,19459,9962,0,5.13874614594039e-05,TRUE,"FALSE"
"160","Plate3-N08",53027,44698,"N08",31391,"Plate3","MNS NS","0","D","N1_S2_RPP30","3",3,NA,3,"20uL","taqpath",500,50,50,"MNS LOD/Saliva Negatives",NA,NA,"copies_per_ml_lysate","08","N","GCTACGCTGA","TAGCATAGGC","GCTACGCTGA","TAGCATAGGC",0,44698,8329,0,2.23718651423969e-05,TRUE,"FALSE"
"161","Plate3-N10",65639,54988,"N10",1,"Plate3","MNS NS","0","D","N1_S2_RPP30","3",3,NA,3,"20uL","taqpath",500,50,50,"MNS LOD/Saliva Negatives",NA,NA,"copies_per_ml_lysate","10","N","CTGTGATTCA","TAACGCTGTC","CTGTGATTCA","TAACGCTGTC",0,54988,10651,0,1.81854552728728e-05,TRUE,"FALSE"
"162","Plate3-N12",52700,43108,"N12",20182,"Plate3","MNS NS","0","D","N1_S2_RPP30","3",3,NA,3,"20uL","taqpath",500,50,50,"MNS LOD/Saliva Negatives",NA,NA,"copies_per_ml_lysate","12","N","GGACTTCTAA","CTGAGTTGGC","GGACTTCTAA","CTGAGTTGGC",1,43107,9592,0,4.63951006773685e-05,TRUE,"FALSE"
"163","Plate3-N14",64223,55401,"N14",4,"Plate3","MNS NS","0","D","N1_S2_RPP30","3",3,NA,3,"20uL","taqpath",500,50,50,"MNS LOD/Saliva Negatives",NA,NA,"copies_per_ml_lysate","14","N","GAGTCGCATA","AAGGATTGGC","GAGTCGCATA","AAGGATTGGC",1,55400,8822,0,3.61004314001552e-05,TRUE,"FALSE"
"164","Plate3-N16",53475,42602,"N16",3,"Plate3","MNS NS","0","D","N1_S2_RPP30","3",3,NA,3,"20uL","taqpath",500,50,50,"MNS LOD/Saliva Negatives",NA,NA,"copies_per_ml_lysate","16","N","TTCTGGCTAC","ATCTCGTGGC","TTCTGGCTAC","ATCTCGTGGC",2,42600,10873,0,7.04208821389169e-05,TRUE,"FALSE"
"165","Plate3-N18",58048,49933,"N18",4,"Plate3","MNS NS","0","D","N1_S2_RPP30","3",3,NA,3,"20uL","taqpath",500,50,50,"MNS LOD/Saliva Negatives",NA,NA,"copies_per_ml_lysate","18","N","TGTGAGACAA","TGAGAGTGGC","TGTGAGACAA","TGAGAGTGGC",3,49930,8115,0,8.01105525625363e-05,TRUE,"FALSE"
"166","Plate3-N20",42951,34412,"N20",2,"Plate3","MNS NS","0","D","N1_S2_RPP30","3",3,NA,3,"20uL","taqpath",500,50,50,"MNS LOD/Saliva Negatives",NA,NA,"copies_per_ml_lysate","20","N","GACAGTTCGC","ACCTACTGGC","GACAGTTCGC","ACCTACTGGC",1,34411,8539,0,5.81192607230036e-05,TRUE,"FALSE"
"167","Plate3-N22",38624,31048,"N22",8,"Plate3","MNS NS","0","D","N1_S2_RPP30","3",3,NA,3,"20uL","taqpath",500,50,50,"MNS LOD/Saliva Negatives",NA,NA,"copies_per_ml_lysate","22","N","ATTCGCAACA","CAGGTATGGC","ATTCGCAACA","CAGGTATGGC",3,31045,7576,0,0.000128841074534562,TRUE,"FALSE"
"168","Plate3-N24",40941,37601,"N24",2,"Plate3","MNS NS","0","D","N1_S2_RPP30","3",3,NA,3,"20uL","taqpath",500,50,50,"MNS LOD/Saliva Negatives",NA,NA,"copies_per_ml_lysate","24","N","TCGAGGCGAA","TTCGGATGGC","TCGAGGCGAA","TTCGGATGGC",1,37600,3340,0,5.3190074732055e-05,TRUE,"FALSE"
"169","Plate3-O01",65197,56551,"O01",6,"Plate3","MNS NS","0","A","N1_S2_RPP30","3",3,NA,3,"20uL","taqpath",500,50,50,"MNS LOD/Saliva Negatives",NA,NA,"copies_per_ml_lysate","01","O","TTGCTAGTAC","ATTGAATGGC","TTGCTAGTAC","ATTGAATGGC",3,56548,8646,0,7.07351146793047e-05,TRUE,"FALSE"
"170","Plate3-O03",56452,49133,"O03",2,"Plate3","MNS NS","0","A","N1_S2_RPP30","3",3,NA,3,"20uL","taqpath",500,50,50,"MNS LOD/Saliva Negatives",NA,NA,"copies_per_ml_lysate","03","O","TATCGCTTCT","GGATCACTGT","TATCGCTTCT","GGATCACTGT",1,49132,7319,0,4.07058392526408e-05,TRUE,"FALSE"
"171","Plate3-O05",49875,41166,"O05",2,"Plate3","MNS NS","0","A","N1_S2_RPP30","3",3,NA,3,"20uL","taqpath",500,50,50,"MNS LOD/Saliva Negatives",NA,NA,"copies_per_ml_lysate","05","O","TGAAGGTCCT","CCAGACACGT","TGAAGGTCCT","CCAGACACGT",0,41166,8709,0,2.42913012850098e-05,TRUE,"FALSE"
"172","Plate3-O07",62757,56456,"O07",1,"Plate3","MNS NS","0","A","N1_S2_RPP30","3",3,NA,3,"20uL","taqpath",500,50,50,"MNS LOD/Saliva Negatives",NA,NA,"copies_per_ml_lysate","07","O","GTAAGATCAC","GCTTCCGGAT","GTAAGATCAC","GCTTCCGGAT",1,56455,6301,0,3.54258183364036e-05,TRUE,"FALSE"
"173","Plate3-O09",46659,46458,"O09",2,"Plate3","MNS NS","0","A","N1_S2_RPP30","3",3,NA,3,"20uL","taqpath",500,50,50,"MNS LOD/Saliva Negatives",NA,NA,"copies_per_ml_lysate","09","O","CCACCTAGTG","GTGTCCGACT","CCACCTAGTG","GTGTCCGACT",0,46458,201,0,2.15243548074646e-05,TRUE,"FALSE"
"174","Plate3-O11",33344,32495,"O11",2,"Plate3","MNS NS","0","A","N1_S2_RPP30","3",3,NA,3,"20uL","taqpath",500,50,50,"MNS LOD/Saliva Negatives",NA,NA,"copies_per_ml_lysate","11","O","CTCGAACGGT","CTGTGCGGTT","CTCGAACGGT","CTGTGCGGTT",1,32494,849,0,6.15479304508386e-05,TRUE,"FALSE"
"175","Plate3-O13",60672,51747,"O13",2,"Plate3","MNS NS","0","A","N1_S2_RPP30","3",3,NA,3,"20uL","taqpath",500,50,50,"MNS LOD/Saliva Negatives",NA,NA,"copies_per_ml_lysate","13","O","TAACCGAGTA","GCCGTTACAT","TAACCGAGTA","GCCGTTACAT",0,51747,8925,0,1.93244183350081e-05,TRUE,"FALSE"
"176","Plate3-O15",36251,28400,"O15",1,"Plate3","MNS NS","0","A","N1_S2_RPP30","3",3,NA,3,"20uL","taqpath",500,50,50,"MNS LOD/Saliva Negatives",NA,NA,"copies_per_ml_lysate","15","O","GTGTGGTTAA","ACGTCGGACA","GTGTGGTTAA","ACGTCGGACA",0,28400,7851,0,3.5210027815922e-05,TRUE,"FALSE"
"177","Plate3-O17",47546,40051,"O17",2,"Plate3","MNS NS","0","A","N1_S2_RPP30","3",3,NA,3,"20uL","taqpath",500,50,50,"MNS LOD/Saliva Negatives",NA,NA,"copies_per_ml_lysate","17","O","TCGTAGGATC","TTGGCAGCCT","TCGTAGGATC","TTGGCAGCCT",0,40051,7495,0,2.49675421951463e-05,TRUE,"FALSE"
"178","Plate3-O19",53248,44692,"O19",1,"Plate3","MNS NS","0","A","N1_S2_RPP30","3",3,NA,3,"20uL","taqpath",500,50,50,"MNS LOD/Saliva Negatives",NA,NA,"copies_per_ml_lysate","19","O","TGATCAGACG","ACGGTGGACT","TGATCAGACG","ACGGTGGACT",0,44692,8556,0,2.23748685476473e-05,TRUE,"FALSE"
"179","Plate3-O21",55836,47728,"O21",3,"Plate3","MNS NS","0","A","N1_S2_RPP30","3",3,NA,3,"20uL","taqpath",500,50,50,"MNS LOD/Saliva Negatives",NA,NA,"copies_per_ml_lysate","21","O","CAGTAGTTAC","TCGTCTCATG","CAGTAGTTAC","TCGTCTCATG",2,47726,8108,0,6.28575020428688e-05,TRUE,"FALSE"
"180","Plate3-O23",45103,38053,"O23",1,"Plate3","MNS NS","0","A","N1_S2_RPP30","3",3,NA,3,"20uL","taqpath",500,50,50,"MNS LOD/Saliva Negatives",NA,NA,"copies_per_ml_lysate","23","O","GGATTAATGG","TCGCCTACTG","GGATTAATGG","TCGCCTACTG",1,38052,7050,0,5.25582739862823e-05,TRUE,"FALSE"
"181","Plate3-P02",52548,44861,"P02",0,"Plate3","MNS NS","0","D","N1_S2_RPP30","3",3,NA,3,"20uL","taqpath",500,50,50,"MNS LOD/Saliva Negatives",NA,NA,"copies_per_ml_lysate","02","P","TGTCCAGGTC","CATCTCCTGT","TGTCCAGGTC","CATCTCCTGT",0,44861,7687,0,2.22905800008916e-05,TRUE,"FALSE"
"182","Plate3-P04",68403,59455,"P04",23,"Plate3","MNS NS","0","D","N1_S2_RPP30","3",3,NA,3,"20uL","taqpath",500,50,50,"MNS LOD/Saliva Negatives",NA,NA,"copies_per_ml_lysate","04","P","GAACTTAGCA","TACGCCAGTT","GAACTTAGCA","TACGCCAGTT",0,59455,8948,0,1.68191603875135e-05,TRUE,"FALSE"
"183","Plate3-P06",20168,11019,"P06",45679,"Plate3","MNS NS","0","D","N1_S2_RPP30","3",3,NA,3,"20uL","taqpath",500,50,50,"MNS LOD/Saliva Negatives",NA,NA,"copies_per_ml_lysate","06","P","CTGCATGTCA","CTAATGCGAT","CTGCATGTCA","CTAATGCGAT",2,11017,9149,0,0.000272281720820476,TRUE,"FALSE"
"184","Plate3-P08",68908,58713,"P08",4,"Plate3","MNS NS","0","D","N1_S2_RPP30","3",3,NA,3,"20uL","taqpath",500,50,50,"MNS LOD/Saliva Negatives",NA,NA,"copies_per_ml_lysate","08","P","TCCTAGTAAG","CATCATGGAT","TCCTAGTAAG","CATCATGGAT",1,58712,10195,0,3.40640062677772e-05,TRUE,"FALSE"
"185","Plate3-P10",37519,30280,"P10",135141,"Plate3","MNS NS","0","D","N1_S2_RPP30","3",3,NA,3,"20uL","taqpath",500,50,50,"MNS LOD/Saliva Negatives",NA,NA,"copies_per_ml_lysate","10","P","AATTCCTTGC","TAGGCGTCGT","AATTCCTTGC","TAGGCGTCGT",0,30280,7239,0,3.30240084541462e-05,TRUE,"FALSE"
"186","Plate3-P12",69884,58274,"P12",5,"Plate3","MNS NS","0","D","N1_S2_RPP30","3",3,NA,3,"20uL","taqpath",500,50,50,"MNS LOD/Saliva Negatives",NA,NA,"copies_per_ml_lysate","12","P","GAGGTTGGTC","CATGCAGATT","GAGGTTGGTC","CATGCAGATT",1,58273,11610,0,3.43206232625184e-05,TRUE,"FALSE"
"187","Plate3-P14",56160,46858,"P14",5234,"Plate3","MNS NS","0","D","N1_S2_RPP30","3",3,NA,3,"20uL","taqpath",500,50,50,"MNS LOD/Saliva Negatives",NA,NA,"copies_per_ml_lysate","14","P","ACCATCTGAT","CTCATGCAGT","ACCATCTGAT","CTCATGCAGT",0,46858,9302,0,2.13406175974733e-05,TRUE,"FALSE"
"188","Plate3-P16",44487,37485,"P16",1,"Plate3","MNS NS","0","D","N1_S2_RPP30","3",3,NA,3,"20uL","taqpath",500,50,50,"MNS LOD/Saliva Negatives",NA,NA,"copies_per_ml_lysate","16","P","TCGTTGTCGG","TTCGTCGGAT","TCGTTGTCGG","TTCGTCGGAT",0,37485,7002,0,2.66766259403511e-05,TRUE,"FALSE"
"189","Plate3-P18",36266,25696,"P18",4,"Plate3","MNS NS","0","D","N1_S2_RPP30","3",3,NA,3,"20uL","taqpath",500,50,50,"MNS LOD/Saliva Negatives",NA,NA,"copies_per_ml_lysate","18","P","CATTGTGGTG","CTTGGCAGTT","CATTGTGGTG","CTTGGCAGTT",1,25695,10570,0,7.78331257783313e-05,TRUE,"FALSE"
"190","Plate3-P20",49662,42957,"P20",6,"Plate3","MNS NS","0","D","N1_S2_RPP30","3",3,NA,3,"20uL","taqpath",500,50,50,"MNS LOD/Saliva Negatives",NA,NA,"copies_per_ml_lysate","20","P","TTCCATCCTA","ACACCTTCAG","TTCCATCCTA","ACACCTTCAG",3,42954,6705,0,9.31207077173787e-05,TRUE,"FALSE"
"191","Plate3-P22",48116,39700,"P22",0,"Plate3","MNS NS","0","D","N1_S2_RPP30","3",3,NA,3,"20uL","taqpath",500,50,50,"MNS LOD/Saliva Negatives",NA,NA,"copies_per_ml_lysate","22","P","GTGCAAGGTC","TTGCGCTTCG","GTGCAAGGTC","TTGCGCTTCG",0,39700,8416,0,2.51882824110224e-05,TRUE,"FALSE"
"192","Plate3-P24",43223,34535,"P24",4,"Plate3","MNS NS","0","D","N1_S2_RPP30","3",3,NA,3,"20uL","taqpath",500,50,50,"MNS LOD/Saliva Negatives",NA,NA,"copies_per_ml_lysate","24","P","ACGTTCCTAA","CCGACCTTAA","ACGTTCCTAA","CCGACCTTAA",1,34534,8688,0,5.79122629216737e-05,TRUE,"FALSE"
