"","Sample","well_total","Stotal","Sample_Well","S2_total_across_all_wells","Plate_ID","virus_identity","virus_copy","quadrant_96","bc_set","Plate_384","Plate_384_Number","Plate_384_Quadrant","IndexSet","MasterMixVol","RT","SpikeCopies","RPP_strategy","PCR_cycles","Description","SpikeDilution","Heat","VirusUnits","Col","Row","S_index","S_index2","R_index","R_index2","S2","S2_spike","RPP30","RPP30_spike","S2_normalized_to_S2_spike","RPP30_Detected","SARS_COV_2_Detected"
"1","Plate4-A02",167725,146067,"A02",56365,"Plate4","neg saliva + TBET","64000","B","N1_S2_RPP30","4",4,NA,4,"20uL","taqpath",500,50,50,"Ashe/ED/gamma","924dil4_20xlower",NA,"copies_per_ml_lysate","02","A","GCTACTTAAC","GATGTCTGCC","GCTACTTAAC","GATGTCTGCC",56364,89703,21658,0,0.628344332471239,TRUE,"TRUE"
"2","Plate4-A04",131442,107854,"A04",33142,"Plate4","neg saliva + TBET","64000","B","N1_S2_RPP30","4",4,NA,4,"20uL","taqpath",500,50,50,"Ashe/ED/gamma","924dil4_20xlower",NA,"copies_per_ml_lysate","04","A","AGCTGACTAA","TCATCACTGC","AGCTGACTAA","TCATCACTGC",33141,74713,23588,0,0.443584870305431,TRUE,"TRUE"
"3","Plate4-A06",187252,177109,"A06",44219,"Plate4","neg saliva + TBET","64000","B","N1_S2_RPP30","4",4,NA,4,"20uL","taqpath",500,50,50,"Ashe/ED/gamma","924dil4_20xlower",NA,"copies_per_ml_lysate","06","A","GAGCTGTATA","TAGCCTCCAG","GAGCTGTATA","TAGCCTCCAG",44217,132892,10143,0,0.332733853551353,TRUE,"TRUE"
"4","Plate4-A08",205389,181264,"A08",48791,"Plate4","neg saliva + TBET","64000","B","N1_S2_RPP30","4",4,NA,4,"20uL","taqpath",500,50,50,"Ashe/ED/gamma","924dil4_20xlower",NA,"copies_per_ml_lysate","08","A","CATGTCCTAA","AATTCACAGC","CATGTCCTAA","AATTCACAGC",48786,132478,24125,0,0.368262139659871,TRUE,"TRUE"
"5","Plate4-A10",126961,101727,"A10",26492,"Plate4","neg saliva + TBET","64000","B","N1_S2_RPP30","4",4,NA,4,"20uL","taqpath",500,50,50,"Ashe/ED/gamma","924dil4_20xlower",NA,"copies_per_ml_lysate","10","A","AATTGCATGG","TGAGCTGTGG","AATTGCATGG","TGAGCTGTGG",26488,75239,25234,0,0.352060074428495,TRUE,"TRUE"
"6","Plate4-A12",224165,198327,"A12",78675,"Plate4","neg saliva + TBET","64000","B","N1_S2_RPP30","4",4,NA,4,"20uL","taqpath",500,50,50,"Ashe/ED/gamma","924dil4_20xlower",NA,"copies_per_ml_lysate","12","A","AGGTCTTAGA","AGTCTTAGCT","AGGTCTTAGA","AGTCTTAGCT",78673,119654,25838,0,0.657506999289624,TRUE,"TRUE"
"7","Plate4-A14",210517,189298,"A14",70328,"Plate4","neg saliva + TBET","64000","B","N1_S2_RPP30","4",4,NA,4,"20uL","taqpath",500,50,50,"Ashe/ED/gamma","924dil4_20xlower",NA,"copies_per_ml_lysate","14","A","CTATCGTAGT","ACAAGCATGT","CTATCGTAGT","ACAAGCATGT",70327,118971,21219,0,0.591130686211882,TRUE,"TRUE"
"8","Plate4-A16",196293,173987,"A16",51867,"Plate4","neg saliva + TBET","64000","B","N1_S2_RPP30","4",4,NA,4,"20uL","taqpath",500,50,50,"Ashe/ED/gamma","924dil4_20xlower",NA,"copies_per_ml_lysate","16","A","TGAGAGATGT","CGTCTACATT","TGAGAGATGT","CGTCTACATT",51863,122124,22306,0,0.424679631525077,TRUE,"TRUE"
"9","Plate4-A18",181693,158101,"A18",57203,"Plate4","neg saliva + TBET","64000","B","N1_S2_RPP30","4",4,NA,4,"20uL","taqpath",500,50,50,"Ashe/ED/gamma","924dil4_20xlower",NA,"copies_per_ml_lysate","18","A","GGTCACTAGG","AACGAGTCTG","GGTCACTAGG","AACGAGTCTG",57200,100901,23592,0,0.566896592733543,TRUE,"TRUE"
"10","Plate4-A20",200564,177601,"A20",50487,"Plate4","neg saliva + TBET","64000","B","N1_S2_RPP30","4",4,NA,4,"20uL","taqpath",500,50,50,"Ashe/ED/gamma","924dil4_20xlower",NA,"copies_per_ml_lysate","20","A","GAGTAACTGC","AAGTCCATTC","GAGTAACTGC","AAGTCCATTC",50487,127114,22963,0,0.397183652598041,TRUE,"TRUE"
"11","Plate4-A22",183840,162501,"A22",53942,"Plate4","neg saliva + TBET","64000","B","N1_S2_RPP30","4",4,NA,4,"20uL","taqpath",500,50,50,"Ashe/ED/gamma","924dil4_20xlower",NA,"copies_per_ml_lysate","22","A","AAGGTGTTAG","ACACCAACCG","AAGGTGTTAG","ACACCAACCG",53941,108560,21339,0,0.496881937343982,TRUE,"TRUE"
"12","Plate4-A24",208187,186788,"A24",68203,"Plate4","neg saliva + TBET","64000","B","N1_S2_RPP30","4",4,NA,4,"20uL","taqpath",500,50,50,"Ashe/ED/gamma","924dil4_20xlower",NA,"copies_per_ml_lysate","24","A","GCATTGTATG","CTCCTTGTGT","GCATTGTATG","CTCCTTGTGT",68203,118585,21399,0,0.575143777511679,TRUE,"TRUE"
"13","Plate4-B01",220205,196506,"B01",20676,"Plate4","neg saliva + TBET","64000","C","N1_S2_RPP30","4",4,NA,4,"20uL","taqpath",500,50,50,"Ashe/ED/gamma","924dil4_20xlower",NA,"copies_per_ml_lysate","01","B","GAGGATCCTA","CTCCTAATCT","GAGGATCCTA","CTCCTAATCT",20674,175832,23699,0,0.117583161295092,TRUE,"TRUE"
"14","Plate4-B03",164973,143595,"B03",45882,"Plate4","neg saliva + TBET","64000","C","N1_S2_RPP30","4",4,NA,4,"20uL","taqpath",500,50,50,"Ashe/ED/gamma","924dil4_20xlower",NA,"copies_per_ml_lysate","03","B","CCTCTTGAAC","CTCCTATCGG","CCTCTTGAAC","CTCCTATCGG",45882,97713,21378,0,0.469564238491925,TRUE,"TRUE"
"15","Plate4-B05",134550,117972,"B05",42300,"Plate4","neg saliva + TBET","64000","C","N1_S2_RPP30","4",4,NA,4,"20uL","taqpath",500,50,50,"Ashe/ED/gamma","924dil4_20xlower",NA,"copies_per_ml_lysate","05","B","TATCACTTGG","GCAGATCTAT","TATCACTTGG","GCAGATCTAT",42296,75676,16578,0,0.558914861847061,TRUE,"TRUE"
"16","Plate4-B07",179234,158671,"B07",46920,"Plate4","neg saliva + TBET","64000","C","N1_S2_RPP30","4",4,NA,4,"20uL","taqpath",500,50,50,"Ashe/ED/gamma","924dil4_20xlower",NA,"copies_per_ml_lysate","07","B","AGGCTTGACA","CTGTTCTCGA","AGGCTTGACA","CTGTTCTCGA",46920,111751,20563,0,0.419867205956046,TRUE,"TRUE"
"17","Plate4-B09",167439,147338,"B09",53444,"Plate4","neg saliva + TBET","64000","C","N1_S2_RPP30","4",4,NA,4,"20uL","taqpath",500,50,50,"Ashe/ED/gamma","924dil4_20xlower",NA,"copies_per_ml_lysate","09","B","GCAACCTTGA","TGTAGGTTCG","GCAACCTTGA","TGTAGGTTCG",53442,93896,20101,0,0.569166214043047,TRUE,"TRUE"
"18","Plate4-B11",198594,176564,"B11",62112,"Plate4","neg saliva + TBET","64000","C","N1_S2_RPP30","4",4,NA,4,"20uL","taqpath",500,50,50,"Ashe/ED/gamma","924dil4_20xlower",NA,"copies_per_ml_lysate","11","B","AAGGCATGTA","TGTAACTCTC","AAGGCATGTA","TGTAACTCTC",62110,114454,22030,0,0.54266742387838,TRUE,"TRUE"
"19","Plate4-B13",88900,63662,"B13",18764,"Plate4","neg saliva + TBET","64000","C","N1_S2_RPP30","4",4,NA,4,"20uL","taqpath",500,50,50,"Ashe/ED/gamma","924dil4_20xlower",NA,"copies_per_ml_lysate","13","B","GTGGCTATCA","CTAGGCATCT","GTGGCTATCA","CTAGGCATCT",18763,44899,25238,0,0.417906458797327,TRUE,"TRUE"
"20","Plate4-B15",180671,160347,"B15",56570,"Plate4","neg saliva + TBET","64000","C","N1_S2_RPP30","4",4,NA,4,"20uL","taqpath",500,50,50,"Ashe/ED/gamma","924dil4_20xlower",NA,"copies_per_ml_lysate","15","B","GGAACTCTTA","TATAGAGGCG","GGAACTCTTA","TATAGAGGCG",56570,103777,20324,0,0.545115535084507,TRUE,"TRUE"
"21","Plate4-B17",166753,147079,"B17",47027,"Plate4","neg saliva + TBET","64000","C","N1_S2_RPP30","4",4,NA,4,"20uL","taqpath",500,50,50,"Ashe/ED/gamma","924dil4_20xlower",NA,"copies_per_ml_lysate","17","B","CGCTGATCAA","CTGTGTGGAA","CGCTGATCAA","CTGTGTGGAA",47026,100053,19674,0,0.470016191256721,TRUE,"TRUE"
"22","Plate4-B19",200023,177975,"B19",50058,"Plate4","neg saliva + TBET","64000","C","N1_S2_RPP30","4",4,NA,4,"20uL","taqpath",500,50,50,"Ashe/ED/gamma","924dil4_20xlower",NA,"copies_per_ml_lysate","19","B","CACGTAATCC","GGACAATTCC","CACGTAATCC","GGACAATTCC",50058,127917,22048,0,0.39133663753342,TRUE,"TRUE"
"23","Plate4-B21",187135,162858,"B21",50996,"Plate4","neg saliva + TBET","64000","C","N1_S2_RPP30","4",4,NA,4,"20uL","taqpath",500,50,50,"Ashe/ED/gamma","924dil4_20xlower",NA,"copies_per_ml_lysate","21","B","GGTAGAGTAA","CTAAGCTTGA","GGTAGAGTAA","CTAAGCTTGA",50995,111863,24277,0,0.455874991060574,TRUE,"TRUE"
"24","Plate4-B23",117846,98463,"B23",39508,"Plate4","neg saliva + TBET","64000","C","N1_S2_RPP30","4",4,NA,4,"20uL","taqpath",500,50,50,"Ashe/ED/gamma","924dil4_20xlower",NA,"copies_per_ml_lysate","23","B","CCGATCACAA","GTAACCGATT","CCGATCACAA","GTAACCGATT",39508,58955,19383,0,0.670143836081145,TRUE,"TRUE"
"25","Plate4-C02",191830,169104,"C02",40178,"Plate4","neg saliva + TBET","32000","B","N1_S2_RPP30","4",4,NA,4,"20uL","taqpath",500,50,50,"Ashe/ED/gamma","924dil4_20xlower",NA,"copies_per_ml_lysate","02","C","TATTCGCTCG","GAACTGCTCG","TATTCGCTCG","GAACTGCTCG",40177,128927,22726,0,0.311631298088856,TRUE,"TRUE"
"26","Plate4-C04",183141,160568,"C04",28909,"Plate4","neg saliva + TBET","32000","B","N1_S2_RPP30","4",4,NA,4,"20uL","taqpath",500,50,50,"Ashe/ED/gamma","924dil4_20xlower",NA,"copies_per_ml_lysate","04","C","ACGTTGGCGA","GTCTCTGACG","ACGTTGGCGA","GTCTCTGACG",28905,131663,22573,0,0.219543686960749,TRUE,"TRUE"
"27","Plate4-C06",185195,160069,"C06",36479,"Plate4","neg saliva + TBET","32000","B","N1_S2_RPP30","4",4,NA,4,"20uL","taqpath",500,50,50,"Ashe/ED/gamma","924dil4_20xlower",NA,"copies_per_ml_lysate","06","C","CAACTGGATA","TGGCAGTTGC","CAACTGGATA","TGGCAGTTGC",36477,123592,25126,0,0.295146165235895,TRUE,"TRUE"
"28","Plate4-C08",185377,160555,"C08",35666,"Plate4","neg saliva + TBET","32000","B","N1_S2_RPP30","4",4,NA,4,"20uL","taqpath",500,50,50,"Ashe/ED/gamma","924dil4_20xlower",NA,"copies_per_ml_lysate","08","C","TCACCGTATG","GGTTCTCGTT","TCACCGTATG","GGTTCTCGTT",35665,124890,24822,0,0.285577023164199,TRUE,"TRUE"
"29","Plate4-C10",175805,152741,"C10",34706,"Plate4","neg saliva + TBET","32000","B","N1_S2_RPP30","4",4,NA,4,"20uL","taqpath",500,50,50,"Ashe/ED/gamma","924dil4_20xlower",NA,"copies_per_ml_lysate","10","C","CAGTGGACAA","TCAGCTTCAA","CAGTGGACAA","TCAGCTTCAA",34705,118036,23064,0,0.294026449333683,TRUE,"TRUE"
"30","Plate4-C12",162909,146519,"C12",29465,"Plate4","neg saliva + TBET","32000","B","N1_S2_RPP30","4",4,NA,4,"20uL","taqpath",500,50,50,"Ashe/ED/gamma","924dil4_20xlower",NA,"copies_per_ml_lysate","12","C","GCTAAGATGC","TGAGCCTCTG","GCTAAGATGC","TGAGCCTCTG",29462,117057,16390,0,0.251695740573049,TRUE,"TRUE"
"31","Plate4-C14",182407,155613,"C14",37414,"Plate4","neg saliva + TBET","32000","B","N1_S2_RPP30","4",4,NA,4,"20uL","taqpath",500,50,50,"Ashe/ED/gamma","924dil4_20xlower",NA,"copies_per_ml_lysate","14","C","CGCCAATTGA","TGGCGTTATC","CGCCAATTGA","TGGCGTTATC",37414,118199,26794,0,0.316539763113367,TRUE,"TRUE"
"32","Plate4-C16",155516,132620,"C16",42214,"Plate4","neg saliva + TBET","32000","B","N1_S2_RPP30","4",4,NA,4,"20uL","taqpath",500,50,50,"Ashe/ED/gamma","924dil4_20xlower",NA,"copies_per_ml_lysate","16","C","GTCTCACCTC","CGAGACTCCT","GTCTCACCTC","CGAGACTCCT",42214,90406,22896,0,0.466943931332751,TRUE,"TRUE"
"33","Plate4-C18",199307,177711,"C18",38891,"Plate4","neg saliva + TBET","32000","B","N1_S2_RPP30","4",4,NA,4,"20uL","taqpath",500,50,50,"Ashe/ED/gamma","924dil4_20xlower",NA,"copies_per_ml_lysate","18","C","AACCTTGCAT","GACTACAGGT","AACCTTGCAT","GACTACAGGT",38889,138822,21596,0,0.280140898842411,TRUE,"TRUE"
"34","Plate4-C20",182697,159434,"C20",32432,"Plate4","neg saliva + TBET","32000","B","N1_S2_RPP30","4",4,NA,4,"20uL","taqpath",500,50,50,"Ashe/ED/gamma","924dil4_20xlower",NA,"copies_per_ml_lysate","20","C","GTTAACTCGA","CGAGGAATCG","GTTAACTCGA","CGAGGAATCG",32432,127002,23263,0,0.255371920348338,TRUE,"TRUE"
"35","Plate4-C22",229847,204216,"C22",43028,"Plate4","neg saliva + TBET","32000","B","N1_S2_RPP30","4",4,NA,4,"20uL","taqpath",500,50,50,"Ashe/ED/gamma","924dil4_20xlower",NA,"copies_per_ml_lysate","22","C","AATGCTTGAC","ATCTGTCTCG","AATGCTTGAC","ATCTGTCTCG",43026,161190,25631,0,0.266931776588023,TRUE,"TRUE"
"36","Plate4-C24",201007,178277,"C24",36590,"Plate4","neg saliva + TBET","32000","B","N1_S2_RPP30","4",4,NA,4,"20uL","taqpath",500,50,50,"Ashe/ED/gamma","924dil4_20xlower",NA,"copies_per_ml_lysate","24","C","TGTCATGCAT","GGATCATCCT","TGTCATGCAT","GGATCATCCT",36589,141688,22730,0,0.258241641905864,TRUE,"TRUE"
"37","Plate4-D01",205843,182335,"D01",21096,"Plate4","neg saliva + TBET","32000","C","N1_S2_RPP30","4",4,NA,4,"20uL","taqpath",500,50,50,"Ashe/ED/gamma","924dil4_20xlower",NA,"copies_per_ml_lysate","01","D","GTGTGCATAG","TCCGTTGACG","GTGTGCATAG","TCCGTTGACG",21095,161240,23508,0,0.130835209407037,TRUE,"TRUE"
"38","Plate4-D03",208213,183337,"D03",24161,"Plate4","neg saliva + TBET","32000","C","N1_S2_RPP30","4",4,NA,4,"20uL","taqpath",500,50,50,"Ashe/ED/gamma","924dil4_20xlower",NA,"copies_per_ml_lysate","03","D","TCGGTAAGTA","TTGCAGTGTA","TCGGTAAGTA","TTGCAGTGTA",24161,159176,24876,0,0.151793286718559,TRUE,"TRUE"
"39","Plate4-D05",33270,6245,"D05",936,"Plate4","neg saliva + TBET","32000","C","N1_S2_RPP30","4",4,NA,4,"20uL","taqpath",500,50,50,"Ashe/ED/gamma","924dil4_20xlower",NA,"copies_per_ml_lysate","05","D","TCTTGCTTCA","CTAGGATAGC","TCTTGCTTCA","CTAGGATAGC",936,5309,27025,0,0.176459510357815,TRUE,"TRUE"
"40","Plate4-D07",207551,184284,"D07",31006,"Plate4","neg saliva + TBET","32000","C","N1_S2_RPP30","4",4,NA,4,"20uL","taqpath",500,50,50,"Ashe/ED/gamma","924dil4_20xlower",NA,"copies_per_ml_lysate","07","D","ATTCAGAGAC","TGTCACAATG","ATTCAGAGAC","TGTCACAATG",31006,153278,23267,0,0.202291246680889,TRUE,"TRUE"
"41","Plate4-D09",159478,138496,"D09",18158,"Plate4","neg saliva + TBET","32000","C","N1_S2_RPP30","4",4,NA,4,"20uL","taqpath",500,50,50,"Ashe/ED/gamma","924dil4_20xlower",NA,"copies_per_ml_lysate","09","D","CCTACGTAGC","CCGTGATCCT","CCTACGTAGC","CCGTGATCCT",18158,120338,20982,0,0.150898711141027,TRUE,"TRUE"
"42","Plate4-D11",190359,170153,"D11",25066,"Plate4","neg saliva + TBET","32000","C","N1_S2_RPP30","4",4,NA,4,"20uL","taqpath",500,50,50,"Ashe/ED/gamma","924dil4_20xlower",NA,"copies_per_ml_lysate","11","D","CTGGAGAAGC","GTGGTCCTAT","CTGGAGAAGC","GTGGTCCTAT",25066,145087,20206,0,0.172771007940009,TRUE,"TRUE"
"43","Plate4-D13",163656,142582,"D13",20818,"Plate4","neg saliva + TBET","32000","C","N1_S2_RPP30","4",4,NA,4,"20uL","taqpath",500,50,50,"Ashe/ED/gamma","924dil4_20xlower",NA,"copies_per_ml_lysate","13","D","AAGGTTGGAG","TGTCCGCGTT","AAGGTTGGAG","TGTCCGCGTT",20817,121765,21074,0,0.170967265082207,TRUE,"TRUE"
"44","Plate4-D15",178809,158581,"D15",24863,"Plate4","neg saliva + TBET","32000","C","N1_S2_RPP30","4",4,NA,4,"20uL","taqpath",500,50,50,"Ashe/ED/gamma","924dil4_20xlower",NA,"copies_per_ml_lysate","15","D","AATCAGCTCT","GCCGTTCTCT","AATCAGCTCT","GCCGTTCTCT",24863,133718,20228,0,0.18594216229556,TRUE,"TRUE"
"45","Plate4-D17",175759,156033,"D17",20102,"Plate4","neg saliva + TBET","32000","C","N1_S2_RPP30","4",4,NA,4,"20uL","taqpath",500,50,50,"Ashe/ED/gamma","924dil4_20xlower",NA,"copies_per_ml_lysate","17","D","GGCACACAGA","GATAAGCCGT","GGCACACAGA","GATAAGCCGT",20102,135931,19726,0,0.147890121531354,TRUE,"TRUE"
"46","Plate4-D19",163986,148269,"D19",25605,"Plate4","neg saliva + TBET","32000","C","N1_S2_RPP30","4",4,NA,4,"20uL","taqpath",500,50,50,"Ashe/ED/gamma","924dil4_20xlower",NA,"copies_per_ml_lysate","19","D","CTACTAACTC","CGAAGGAGCT","CTACTAACTC","CGAAGGAGCT",25604,122665,15717,0,0.208737547486671,TRUE,"TRUE"
"47","Plate4-D21",160573,140427,"D21",21715,"Plate4","neg saliva + TBET","32000","C","N1_S2_RPP30","4",4,NA,4,"20uL","taqpath",500,50,50,"Ashe/ED/gamma","924dil4_20xlower",NA,"copies_per_ml_lysate","21","D","GCCGTTATGA","TAGCACCATC","GCCGTTATGA","TAGCACCATC",21715,118712,20146,0,0.18292857564041,TRUE,"TRUE"
"48","Plate4-D23",197533,175752,"D23",25820,"Plate4","neg saliva + TBET","32000","C","N1_S2_RPP30","4",4,NA,4,"20uL","taqpath",500,50,50,"Ashe/ED/gamma","924dil4_20xlower",NA,"copies_per_ml_lysate","23","D","TATCTCTGGT","GTGGCTTCTT","TATCTCTGGT","GTGGCTTCTT",25820,149932,21781,0,0.17221692355919,TRUE,"TRUE"
"49","Plate4-E02",194023,170787,"E02",14207,"Plate4","neg saliva + TBET","16000","B","N1_S2_RPP30","4",4,NA,4,"20uL","taqpath",500,50,50,"Ashe/ED/gamma","924dil4_20xlower",NA,"copies_per_ml_lysate","02","E","TTCGCTCTCA","AACTTCGACT","TTCGCTCTCA","AACTTCGACT",14206,156581,23236,0,0.0907320126195859,TRUE,"TRUE"
"50","Plate4-E04",205563,180944,"E04",25165,"Plate4","neg saliva + TBET","16000","B","N1_S2_RPP30","4",4,NA,4,"20uL","taqpath",500,50,50,"Ashe/ED/gamma","924dil4_20xlower",NA,"copies_per_ml_lysate","04","E","CCTTCACCAG","GCCTTAAGCT","CCTTCACCAG","GCCTTAAGCT",25164,155780,24619,0,0.161540881108736,TRUE,"TRUE"
"51","Plate4-E06",165769,138841,"E06",17853,"Plate4","neg saliva + TBET","16000","B","N1_S2_RPP30","4",4,NA,4,"20uL","taqpath",500,50,50,"Ashe/ED/gamma","924dil4_20xlower",NA,"copies_per_ml_lysate","06","E","CAGCTTAGTC","CGACCTCTAG","CAGCTTAGTC","CGACCTCTAG",17851,120990,26925,3,0.147548164739526,TRUE,"TRUE"
"52","Plate4-E08",178212,153659,"E08",15019,"Plate4","neg saliva + TBET","16000","B","N1_S2_RPP30","4",4,NA,4,"20uL","taqpath",500,50,50,"Ashe/ED/gamma","924dil4_20xlower",NA,"copies_per_ml_lysate","08","E","TTGTTAGGCT","TCCGAGCCTT","TTGTTAGGCT","TCCGAGCCTT",15018,138641,24553,0,0.108329366281502,TRUE,"TRUE"
"53","Plate4-E10",140147,117622,"E10",18265,"Plate4","neg saliva + TBET","16000","B","N1_S2_RPP30","4",4,NA,4,"20uL","taqpath",500,50,50,"Ashe/ED/gamma","924dil4_20xlower",NA,"copies_per_ml_lysate","10","E","ATTAGTCGGT","TCAGGCGCTT","ATTAGTCGGT","TCAGGCGCTT",18264,99358,22525,0,0.183828339657203,TRUE,"TRUE"
"54","Plate4-E12",173684,146056,"E12",16122,"Plate4","neg saliva + TBET","16000","B","N1_S2_RPP30","4",4,NA,4,"20uL","taqpath",500,50,50,"Ashe/ED/gamma","924dil4_20xlower",NA,"copies_per_ml_lysate","12","E","ATAAGTGAGG","TACGTGGCGT","ATAAGTGAGG","TACGTGGCGT",16122,129934,27628,0,0.124085119482818,TRUE,"TRUE"
"55","Plate4-E14",167323,141445,"E14",18226,"Plate4","neg saliva + TBET","16000","B","N1_S2_RPP30","4",4,NA,4,"20uL","taqpath",500,50,50,"Ashe/ED/gamma","924dil4_20xlower",NA,"copies_per_ml_lysate","14","E","CGCTGTATGC","CTGTGAGCAT","CGCTGTATGC","CTGTGAGCAT",18225,123220,25872,6,0.147913099228216,TRUE,"TRUE"
"56","Plate4-E16",77263,48360,"E16",6080,"Plate4","neg saliva + TBET","16000","B","N1_S2_RPP30","4",4,NA,4,"20uL","taqpath",500,50,50,"Ashe/ED/gamma","924dil4_20xlower",NA,"copies_per_ml_lysate","16","E","GGAGCTATTG","GGTGTTCACT","GGAGCTATTG","GGTGTTCACT",6079,42281,28903,0,0.143796414549927,TRUE,"TRUE"
"57","Plate4-E18",150497,125616,"E18",17062,"Plate4","neg saliva + TBET","16000","B","N1_S2_RPP30","4",4,NA,4,"20uL","taqpath",500,50,50,"Ashe/ED/gamma","924dil4_20xlower",NA,"copies_per_ml_lysate","18","E","ATGTGGCGAT","TGTAAGCAGT","ATGTGGCGAT","TGTAAGCAGT",17062,108554,24881,0,0.157182994795265,TRUE,"TRUE"
"58","Plate4-E20",136742,116482,"E20",14440,"Plate4","neg saliva + TBET","16000","B","N1_S2_RPP30","4",4,NA,4,"20uL","taqpath",500,50,50,"Ashe/ED/gamma","924dil4_20xlower",NA,"copies_per_ml_lysate","20","E","GCTATACCGC","CCGAGTGTTC","GCTATACCGC","CCGAGTGTTC",14438,102044,20260,0,0.141496398647655,TRUE,"TRUE"
"59","Plate4-E22",190336,168348,"E22",22019,"Plate4","neg saliva + TBET","16000","B","N1_S2_RPP30","4",4,NA,4,"20uL","taqpath",500,50,50,"Ashe/ED/gamma","924dil4_20xlower",NA,"copies_per_ml_lysate","22","E","TCATCATCGG","GCATATCCGT","TCATCATCGG","GCATATCCGT",22019,146329,21988,0,0.15048178774004,TRUE,"TRUE"
"60","Plate4-E24",180903,156542,"E24",15928,"Plate4","neg saliva + TBET","16000","B","N1_S2_RPP30","4",4,NA,4,"20uL","taqpath",500,50,50,"Ashe/ED/gamma","924dil4_20xlower",NA,"copies_per_ml_lysate","24","E","AGAGTAACGG","TCTGCTTCTG","AGAGTAACGG","TCTGCTTCTG",15927,140615,24361,0,0.113273027251522,TRUE,"TRUE"
"61","Plate4-F01",155212,133947,"F01",8174,"Plate4","neg saliva + TBET","16000","C","N1_S2_RPP30","4",4,NA,4,"20uL","taqpath",500,50,50,"Ashe/ED/gamma","924dil4_20xlower",NA,"copies_per_ml_lysate","01","F","GGTCTAGGTT","AACCTCGGTT","GGTCTAGGTT","AACCTCGGTT",8173,125774,21265,0,0.0649890677797655,TRUE,"TRUE"
"62","Plate4-F03",184540,162984,"F03",12458,"Plate4","neg saliva + TBET","16000","C","N1_S2_RPP30","4",4,NA,4,"20uL","taqpath",500,50,50,"Ashe/ED/gamma","924dil4_20xlower",NA,"copies_per_ml_lysate","03","F","GGTGATCGTA","CCGCCGTTAT","GGTGATCGTA","CCGCCGTTAT",12458,150526,21556,0,0.082769204195925,TRUE,"TRUE"
"63","Plate4-F05",111109,90206,"F05",6685,"Plate4","neg saliva + TBET","16000","C","N1_S2_RPP30","4",4,NA,4,"20uL","taqpath",500,50,50,"Ashe/ED/gamma","924dil4_20xlower",NA,"copies_per_ml_lysate","05","F","GGTCAGGATC","GCCATTAGAG","GGTCAGGATC","GCCATTAGAG",6685,83521,20903,0,0.0800507650678863,TRUE,"TRUE"
"64","Plate4-F07",180093,160182,"F07",9114,"Plate4","neg saliva + TBET","16000","C","N1_S2_RPP30","4",4,NA,4,"20uL","taqpath",500,50,50,"Ashe/ED/gamma","924dil4_20xlower",NA,"copies_per_ml_lysate","07","F","TATGGACAAG","GCTCGGTCTT","TATGGACAAG","GCTCGGTCTT",9114,151068,19911,0,0.0603366673506808,TRUE,"TRUE"
"65","Plate4-F09",172971,151304,"F09",10012,"Plate4","neg saliva + TBET","16000","C","N1_S2_RPP30","4",4,NA,4,"20uL","taqpath",500,50,50,"Ashe/ED/gamma","924dil4_20xlower",NA,"copies_per_ml_lysate","09","F","ATCGTGTTGG","TTGATGTGCT","ATCGTGTTGG","TTGATGTGCT",10012,141292,21667,0,0.0708669219281918,TRUE,"TRUE"
"66","Plate4-F11",183337,160039,"F11",11541,"Plate4","neg saliva + TBET","16000","C","N1_S2_RPP30","4",4,NA,4,"20uL","taqpath",500,50,50,"Ashe/ED/gamma","924dil4_20xlower",NA,"copies_per_ml_lysate","11","F","CTCTCCTTCA","ATCACTGCGC","CTCTCCTTCA","ATCACTGCGC",11541,148498,23298,0,0.0777244291207348,TRUE,"TRUE"
"67","Plate4-F13",187205,164539,"F13",13091,"Plate4","neg saliva + TBET","16000","C","N1_S2_RPP30","4",4,NA,4,"20uL","taqpath",500,50,50,"Ashe/ED/gamma","924dil4_20xlower",NA,"copies_per_ml_lysate","13","F","TGACTAGTGC","GAACCTTGTC","TGACTAGTGC","GAACCTTGTC",13091,151448,22666,0,0.0864449418616168,TRUE,"TRUE"
"68","Plate4-F15",168115,150994,"F15",15644,"Plate4","neg saliva + TBET","16000","C","N1_S2_RPP30","4",4,NA,4,"20uL","taqpath",500,50,50,"Ashe/ED/gamma","924dil4_20xlower",NA,"copies_per_ml_lysate","15","F","ATCTGTCGAA","CGAGCTTGAC","ATCTGTCGAA","CGAGCTTGAC",15644,135350,17121,0,0.115588359155086,TRUE,"TRUE"
"69","Plate4-F17",152794,130923,"F17",14254,"Plate4","neg saliva + TBET","16000","C","N1_S2_RPP30","4",4,NA,4,"20uL","taqpath",500,50,50,"Ashe/ED/gamma","924dil4_20xlower",NA,"copies_per_ml_lysate","17","F","AAGCAACGTG","GGTACGCTTG","AAGCAACGTG","GGTACGCTTG",14254,116669,21871,0,0.122182223365047,TRUE,"TRUE"
"70","Plate4-F19",190951,169573,"F19",14116,"Plate4","neg saliva + TBET","16000","C","N1_S2_RPP30","4",4,NA,4,"20uL","taqpath",500,50,50,"Ashe/ED/gamma","924dil4_20xlower",NA,"copies_per_ml_lysate","19","F","AGATGTCCAT","AACCAGGCGT","AGATGTCCAT","AACCAGGCGT",14116,155457,21378,0,0.0908090931312637,TRUE,"TRUE"
"71","Plate4-F21",147778,128329,"F21",8252,"Plate4","neg saliva + TBET","16000","C","N1_S2_RPP30","4",4,NA,4,"20uL","taqpath",500,50,50,"Ashe/ED/gamma","924dil4_20xlower",NA,"copies_per_ml_lysate","21","F","ATCGACTTCC","TAGCGTGATG","ATCGACTTCC","TAGCGTGATG",8252,120077,19449,0,0.0687303252885624,TRUE,"TRUE"
"72","Plate4-F23",198894,176936,"F23",10796,"Plate4","neg saliva + TBET","16000","C","N1_S2_RPP30","4",4,NA,4,"20uL","taqpath",500,50,50,"Ashe/ED/gamma","924dil4_20xlower",NA,"copies_per_ml_lysate","23","F","ACATGTCTGC","CAGCCACTCT","ACATGTCTGC","CAGCCACTCT",10795,166141,21958,0,0.0649805587990996,TRUE,"TRUE"
"73","Plate4-G02",174621,151126,"G02",8922,"Plate4","neg saliva + TBET","8000","B","N1_S2_RPP30","4",4,NA,4,"20uL","taqpath",500,50,50,"Ashe/ED/gamma","924dil4_20xlower",NA,"copies_per_ml_lysate","02","G","AAGCTGTGGA","GGTTGCCATG","AAGCTGTGGA","GGTTGCCATG",8921,142205,23495,0,0.0627399687776887,TRUE,"TRUE"
"74","Plate4-G04",175064,153136,"G04",9098,"Plate4","neg saliva + TBET","8000","B","N1_S2_RPP30","4",4,NA,4,"20uL","taqpath",500,50,50,"Ashe/ED/gamma","924dil4_20xlower",NA,"copies_per_ml_lysate","04","G","AAGCCTGTTG","GTCTCAGGCT","AAGCCTGTTG","GTCTCAGGCT",9095,144041,21928,0,0.063148248427542,TRUE,"TRUE"
"75","Plate4-G06",249247,218351,"G06",4,"Plate4","neg saliva + TBET","8000","B","N1_S2_RPP30","4",4,NA,4,"20uL","taqpath",500,50,50,"Ashe/ED/gamma","924dil4_20xlower",NA,"copies_per_ml_lysate","06","G","CAGCATTGCA","GGTACATGCT","CAGCATTGCA","GGTACATGCT",2,218349,30896,0,1.37394092054042e-05,TRUE,"FALSE"
"76","Plate4-G08",183836,161261,"G08",9241,"Plate4","neg saliva + TBET","8000","B","N1_S2_RPP30","4",4,NA,4,"20uL","taqpath",500,50,50,"Ashe/ED/gamma","924dil4_20xlower",NA,"copies_per_ml_lysate","08","G","CTCAACGTAG","TGTCATCTCT","CTCAACGTAG","TGTCATCTCT",9241,152020,22575,0,0.0607942323757902,TRUE,"TRUE"
"77","Plate4-G10",179144,152030,"G10",8911,"Plate4","neg saliva + TBET","8000","B","N1_S2_RPP30","4",4,NA,4,"20uL","taqpath",500,50,50,"Ashe/ED/gamma","924dil4_20xlower",NA,"copies_per_ml_lysate","10","G","ACACCTGACT","GTTCAGTACT","ACACCTGACT","GTTCAGTACT",8908,143122,27114,0,0.0622471580388896,TRUE,"TRUE"
"78","Plate4-G12",159089,133589,"G12",11872,"Plate4","neg saliva + TBET","8000","B","N1_S2_RPP30","4",4,NA,4,"20uL","taqpath",500,50,50,"Ashe/ED/gamma","924dil4_20xlower",NA,"copies_per_ml_lysate","12","G","TGTTCGGTGG","CAGTCTTGTT","TGTTCGGTGG","CAGTCTTGTT",11871,121718,25500,0,0.0975361282955003,TRUE,"TRUE"
"79","Plate4-G14",124887,104341,"G14",5778,"Plate4","neg saliva + TBET","8000","B","N1_S2_RPP30","4",4,NA,4,"20uL","taqpath",500,50,50,"Ashe/ED/gamma","924dil4_20xlower",NA,"copies_per_ml_lysate","14","G","GGTTGAGCCA","CGAGCACGTA","GGTTGAGCCA","CGAGCACGTA",5776,98565,20546,0,0.0586104742000284,TRUE,"TRUE"
"80","Plate4-G16",162049,137151,"G16",8929,"Plate4","neg saliva + TBET","8000","B","N1_S2_RPP30","4",4,NA,4,"20uL","taqpath",500,50,50,"Ashe/ED/gamma","924dil4_20xlower",NA,"copies_per_ml_lysate","16","G","AGCTATCACG","GCTGATTATG","AGCTATCACG","GCTGATTATG",8927,128224,24898,0,0.0696276077208033,TRUE,"TRUE"
"81","Plate4-G18",176717,151111,"G18",8838,"Plate4","neg saliva + TBET","8000","B","N1_S2_RPP30","4",4,NA,4,"20uL","taqpath",500,50,50,"Ashe/ED/gamma","924dil4_20xlower",NA,"copies_per_ml_lysate","18","G","ATGTAAGGAC","CTCCATTATC","ATGTAAGGAC","CTCCATTATC",8837,142274,25606,0,0.0621191354770691,TRUE,"TRUE"
"82","Plate4-G20",183899,158453,"G20",9306,"Plate4","neg saliva + TBET","8000","B","N1_S2_RPP30","4",4,NA,4,"20uL","taqpath",500,50,50,"Ashe/ED/gamma","924dil4_20xlower",NA,"copies_per_ml_lysate","20","G","AGGACTAGAG","GTTGCTACGG","AGGACTAGAG","GTTGCTACGG",9305,149148,25446,0,0.0623939818570691,TRUE,"TRUE"
"83","Plate4-G22",192989,170740,"G22",8798,"Plate4","neg saliva + TBET","8000","B","N1_S2_RPP30","4",4,NA,4,"20uL","taqpath",500,50,50,"Ashe/ED/gamma","924dil4_20xlower",NA,"copies_per_ml_lysate","22","G","TTGCCTCTTG","GGTCCATCAT","TTGCCTCTTG","GGTCCATCAT",8798,161942,22249,0,0.0543339323095163,TRUE,"TRUE"
"84","Plate4-G24",96088,71320,"G24",3862,"Plate4","neg saliva + TBET","8000","B","N1_S2_RPP30","4",4,NA,4,"20uL","taqpath",500,50,50,"Ashe/ED/gamma","924dil4_20xlower",NA,"copies_per_ml_lysate","24","G","ACAGCAGCTC","ACGCTGTTCG","ACAGCAGCTC","ACGCTGTTCG",3862,67458,24768,0,0.0572644124579374,TRUE,"TRUE"
"85","Plate4-H01",139469,117214,"H01",4437,"Plate4","neg saliva + TBET","8000","C","N1_S2_RPP30","4",4,NA,4,"20uL","taqpath",500,50,50,"Ashe/ED/gamma","924dil4_20xlower",NA,"copies_per_ml_lysate","01","H","GTGCCTAGTC","GGTCAGATGT","GTGCCTAGTC","GGTCAGATGT",4437,112777,22255,0,0.0393516465977407,TRUE,"TRUE"
"86","Plate4-H03",216939,196232,"H03",1,"Plate4","neg saliva + TBET","8000","C","N1_S2_RPP30","4",4,NA,4,"20uL","taqpath",500,50,50,"Ashe/ED/gamma","924dil4_20xlower",NA,"copies_per_ml_lysate","03","H","ACTAGCATCG","GACTGATCCT","ACTAGCATCG","GACTGATCCT",1,196231,20707,0,1.01920176118064e-05,TRUE,"FALSE"
"87","Plate4-H05",153002,130661,"H05",6824,"Plate4","neg saliva + TBET","8000","C","N1_S2_RPP30","4",4,NA,4,"20uL","taqpath",500,50,50,"Ashe/ED/gamma","924dil4_20xlower",NA,"copies_per_ml_lysate","05","H","ACCGCATTGC","CACGAGGATG","ACCGCATTGC","CACGAGGATG",6824,123837,22341,0,0.0551123241654419,TRUE,"TRUE"
"88","Plate4-H07",176010,155795,"H07",3873,"Plate4","neg saliva + TBET","8000","C","N1_S2_RPP30","4",4,NA,4,"20uL","taqpath",500,50,50,"Ashe/ED/gamma","924dil4_20xlower",NA,"copies_per_ml_lysate","07","H","GGTTCAGCGT","GCTAATGCTT","GGTTCAGCGT","GCTAATGCTT",3873,151922,20215,0,0.0254997597467138,TRUE,"TRUE"
"89","Plate4-H09",194201,170357,"H09",3612,"Plate4","neg saliva + TBET","8000","C","N1_S2_RPP30","4",4,NA,4,"20uL","taqpath",500,50,50,"Ashe/ED/gamma","924dil4_20xlower",NA,"copies_per_ml_lysate","09","H","GTAGAACGAC","ATTGCGTCCT","GTAGAACGAC","ATTGCGTCCT",3612,166745,23844,0,0.0216676861813777,TRUE,"TRUE"
"90","Plate4-H11",191052,166469,"H11",6847,"Plate4","neg saliva + TBET","8000","C","N1_S2_RPP30","4",4,NA,4,"20uL","taqpath",500,50,50,"Ashe/ED/gamma","924dil4_20xlower",NA,"copies_per_ml_lysate","11","H","TTGCTCACTG","TGTAACCGCT","TTGCTCACTG","TGTAACCGCT",6847,159622,24583,0,0.0429010856831409,TRUE,"TRUE"
"91","Plate4-H13",166006,144177,"H13",6116,"Plate4","neg saliva + TBET","8000","C","N1_S2_RPP30","4",4,NA,4,"20uL","taqpath",500,50,50,"Ashe/ED/gamma","924dil4_20xlower",NA,"copies_per_ml_lysate","13","H","GATGCGTTAC","CAGTCGCCTT","GATGCGTTAC","CAGTCGCCTT",6116,138061,21829,0,0.0443061812808738,TRUE,"TRUE"
"92","Plate4-H15",151792,151773,"H15",5616,"Plate4","neg saliva + TBET","8000","C","N1_S2_RPP30","4",4,NA,4,"20uL","taqpath",500,50,50,"Ashe/ED/gamma","924dil4_20xlower",NA,"copies_per_ml_lysate","15","H","GTTCTGATAC","ACAAGTAGGC","GTTCTGATAC","ACAAGTAGGC",5616,146157,19,0,0.0384310130133144,TRUE,"TRUE"
"93","Plate4-H17",169874,148173,"H17",10644,"Plate4","neg saliva + TBET","8000","C","N1_S2_RPP30","4",4,NA,4,"20uL","taqpath",500,50,50,"Ashe/ED/gamma","924dil4_20xlower",NA,"copies_per_ml_lysate","17","H","GTGCTCTTGA","GGTCGTATAG","GTGCTCTTGA","GGTCGTATAG",10644,137529,21701,0,0.0774012942630699,TRUE,"TRUE"
"94","Plate4-H19",182268,159532,"H19",3641,"Plate4","neg saliva + TBET","8000","C","N1_S2_RPP30","4",4,NA,4,"20uL","taqpath",500,50,50,"Ashe/ED/gamma","924dil4_20xlower",NA,"copies_per_ml_lysate","19","H","GCTTCAATAC","CTGTATGCCT","GCTTCAATAC","CTGTATGCCT",3641,155891,22736,0,0.023362327765376,TRUE,"TRUE"
"95","Plate4-H21",205639,183208,"H21",7776,"Plate4","neg saliva + TBET","8000","C","N1_S2_RPP30","4",4,NA,4,"20uL","taqpath",500,50,50,"Ashe/ED/gamma","924dil4_20xlower",NA,"copies_per_ml_lysate","21","H","TAGTGTGCAT","GTGGCACTGT","TAGTGTGCAT","GTGGCACTGT",7776,175432,22424,7,0.044330314137021,TRUE,"TRUE"
"96","Plate4-H23",213567,189366,"H23",5645,"Plate4","neg saliva + TBET","8000","C","N1_S2_RPP30","4",4,NA,4,"20uL","taqpath",500,50,50,"Ashe/ED/gamma","924dil4_20xlower",NA,"copies_per_ml_lysate","23","H","TTGCTCTAGT","GGTAGGTTGT","TTGCTCTAGT","GGTAGGTTGT",5645,183721,24201,0,0.0307312134638203,TRUE,"TRUE"
"97","Plate4-I02",227049,203135,"I02",5574,"Plate4","neg saliva + TBET","4000","B","N1_S2_RPP30","4",4,NA,4,"20uL","taqpath",500,50,50,"Ashe/ED/gamma","924dil4_20xlower",NA,"copies_per_ml_lysate","02","I","CCTATTCATG","GGTACGGACT","CCTATTCATG","GGTACGGACT",5574,197561,23914,0,0.0282189894817829,TRUE,"TRUE"
"98","Plate4-I04",124735,108171,"I04",4912,"Plate4","neg saliva + TBET","4000","B","N1_S2_RPP30","4",4,NA,4,"20uL","taqpath",500,50,50,"Ashe/ED/gamma","924dil4_20xlower",NA,"copies_per_ml_lysate","04","I","GTCGACGACA","GAGTGAGATT","GTCGACGACA","GAGTGAGATT",4912,103259,16564,0,0.0475789269804377,TRUE,"TRUE"
"99","Plate4-I06",154484,127406,"I06",6539,"Plate4","neg saliva + TBET","4000","B","N1_S2_RPP30","4",4,NA,4,"20uL","taqpath",500,50,50,"Ashe/ED/gamma","924dil4_20xlower",NA,"copies_per_ml_lysate","06","I","ATCATTCGTG","GAAGCTGATT","ATCATTCGTG","GAAGCTGATT",6539,120867,27078,0,0.0541086143561571,TRUE,"TRUE"
"100","Plate4-I08",212782,186063,"I08",3616,"Plate4","neg saliva + TBET","4000","B","N1_S2_RPP30","4",4,NA,4,"20uL","taqpath",500,50,50,"Ashe/ED/gamma","924dil4_20xlower",NA,"copies_per_ml_lysate","08","I","TAGCTATGTC","ATAGCTTGCT","TAGCTATGTC","ATAGCTTGCT",3615,182448,26719,0,0.0198192371566849,TRUE,"TRUE"
"101","Plate4-I10",185426,157671,"I10",4835,"Plate4","neg saliva + TBET","4000","B","N1_S2_RPP30","4",4,NA,4,"20uL","taqpath",500,50,50,"Ashe/ED/gamma","924dil4_20xlower",NA,"copies_per_ml_lysate","10","I","CATTCTGTCG","TTCTCTCCTG","CATTCTGTCG","TTCTCTCCTG",4835,152836,27755,0,0.0316415527653644,TRUE,"TRUE"
"102","Plate4-I12",175091,146533,"I12",5368,"Plate4","neg saliva + TBET","4000","B","N1_S2_RPP30","4",4,NA,4,"20uL","taqpath",500,50,50,"Ashe/ED/gamma","924dil4_20xlower",NA,"copies_per_ml_lysate","12","I","TCGATGGTAT","GGAGCTTGTT","TCGATGGTAT","GGAGCTTGTT",5368,141165,28558,0,0.038033237465112,TRUE,"TRUE"
"103","Plate4-I14",177227,148360,"I14",6027,"Plate4","neg saliva + TBET","4000","B","N1_S2_RPP30","4",4,NA,4,"20uL","taqpath",500,50,50,"Ashe/ED/gamma","924dil4_20xlower",NA,"copies_per_ml_lysate","14","I","GCTTGTGGTA","CAACGACATC","GCTTGTGGTA","CAACGACATC",6027,142333,28867,0,0.0423510896904464,TRUE,"TRUE"
"104","Plate4-I16",149818,128245,"I16",4616,"Plate4","neg saliva + TBET","4000","B","N1_S2_RPP30","4",4,NA,4,"20uL","taqpath",500,50,50,"Ashe/ED/gamma","924dil4_20xlower",NA,"copies_per_ml_lysate","16","I","CAGGCAACGA","CGAGTGACTG","CAGGCAACGA","CGAGTGACTG",4616,123629,21573,0,0.0373453045377336,TRUE,"TRUE"
"105","Plate4-I18",183334,157852,"I18",6959,"Plate4","neg saliva + TBET","4000","B","N1_S2_RPP30","4",4,NA,4,"20uL","taqpath",500,50,50,"Ashe/ED/gamma","924dil4_20xlower",NA,"copies_per_ml_lysate","18","I","AGGATAGACT","CGGTTAAGCT","AGGATAGACT","CGGTTAAGCT",6959,150893,25482,0,0.0461250944371546,TRUE,"TRUE"
"106","Plate4-I20",153054,129526,"I20",2620,"Plate4","neg saliva + TBET","4000","B","N1_S2_RPP30","4",4,NA,4,"20uL","taqpath",500,50,50,"Ashe/ED/gamma","924dil4_20xlower",NA,"copies_per_ml_lysate","20","I","ACCGAAGATG","GCAGCATTCT","ACCGAAGATG","GCAGCATTCT",2620,126906,23527,1,0.0206529190667181,TRUE,"TRUE"
"107","Plate4-I22",196506,173265,"I22",5841,"Plate4","neg saliva + TBET","4000","B","N1_S2_RPP30","4",4,NA,4,"20uL","taqpath",500,50,50,"Ashe/ED/gamma","924dil4_20xlower",NA,"copies_per_ml_lysate","22","I","ACGCTGTAAT","GTTACCGCGT","ACGCTGTAAT","GTTACCGCGT",5840,167425,23241,0,0.0348870545793365,TRUE,"TRUE"
"108","Plate4-I24",127135,103857,"I24",2026,"Plate4","neg saliva + TBET","4000","B","N1_S2_RPP30","4",4,NA,4,"20uL","taqpath",500,50,50,"Ashe/ED/gamma","924dil4_20xlower",NA,"copies_per_ml_lysate","24","I","CGATACAGCG","GCTTCAGTGG","CGATACAGCG","GCTTCAGTGG",2024,101833,23278,0,0.0198853035332011,TRUE,"TRUE"
"109","Plate4-J01",223599,201423,"J01",2608,"Plate4","neg saliva + TBET","4000","C","N1_S2_RPP30","4",4,NA,4,"20uL","taqpath",500,50,50,"Ashe/ED/gamma","924dil4_20xlower",NA,"copies_per_ml_lysate","01","J","GTTGGTAACC","AACCACTAGC","GTTGGTAACC","AACCACTAGC",2608,198815,22176,0,0.0131226863029132,TRUE,"TRUE"
"110","Plate4-J03",190135,168632,"J03",5344,"Plate4","neg saliva + TBET","4000","C","N1_S2_RPP30","4",4,NA,4,"20uL","taqpath",500,50,50,"Ashe/ED/gamma","924dil4_20xlower",NA,"copies_per_ml_lysate","03","J","CCTGTAACTC","GTCCGTCGAT","CCTGTAACTC","GTCCGTCGAT",5344,163288,21503,0,0.0327333745690157,TRUE,"TRUE"
"111","Plate4-J05",148854,125224,"J05",5487,"Plate4","neg saliva + TBET","4000","C","N1_S2_RPP30","4",4,NA,4,"20uL","taqpath",500,50,50,"Ashe/ED/gamma","924dil4_20xlower",NA,"copies_per_ml_lysate","05","J","TAGGACTGAA","TAGCAGCGCA","TAGGACTGAA","TAGCAGCGCA",5487,119737,23630,0,0.0458334029297299,TRUE,"TRUE"
"112","Plate4-J07",169140,150932,"J07",1831,"Plate4","neg saliva + TBET","4000","C","N1_S2_RPP30","4",4,NA,4,"20uL","taqpath",500,50,50,"Ashe/ED/gamma","924dil4_20xlower",NA,"copies_per_ml_lysate","07","J","TTGCCTGTGT","GCAGCCTCTT","TTGCCTGTGT","GCAGCCTCTT",1831,149101,18208,0,0.0122868908532414,TRUE,"TRUE"
"113","Plate4-J09",204133,179954,"J09",2701,"Plate4","neg saliva + TBET","4000","C","N1_S2_RPP30","4",4,NA,4,"20uL","taqpath",500,50,50,"Ashe/ED/gamma","924dil4_20xlower",NA,"copies_per_ml_lysate","09","J","AGTCACGAAG","GTACTCGTGT","AGTCACGAAG","GTACTCGTGT",2701,177253,24179,0,0.0152436616381013,TRUE,"TRUE"
"114","Plate4-J11",89752,66566,"J11",1593,"Plate4","neg saliva + TBET","4000","C","N1_S2_RPP30","4",4,NA,4,"20uL","taqpath",500,50,50,"Ashe/ED/gamma","924dil4_20xlower",NA,"copies_per_ml_lysate","11","J","CAGTCTCTGC","GGTATTGATG","CAGTCTCTGC","GGTATTGATG",1593,64973,23186,0,0.0245328900791086,TRUE,"TRUE"
"115","Plate4-J13",182587,158840,"J13",2854,"Plate4","neg saliva + TBET","4000","C","N1_S2_RPP30","4",4,NA,4,"20uL","taqpath",500,50,50,"Ashe/ED/gamma","924dil4_20xlower",NA,"copies_per_ml_lysate","13","J","CTAATCGTGC","GGTAACCTCG","CTAATCGTGC","GGTAACCTCG",2854,155986,23747,0,0.0183028072852225,TRUE,"TRUE"
"116","Plate4-J15",143536,117740,"J15",2895,"Plate4","neg saliva + TBET","4000","C","N1_S2_RPP30","4",4,NA,4,"20uL","taqpath",500,50,50,"Ashe/ED/gamma","924dil4_20xlower",NA,"copies_per_ml_lysate","15","J","TTGTTCGTGC","GGTCTATATC","TTGTTCGTGC","GGTCTATATC",2895,114845,25796,0,0.0252163767131637,TRUE,"TRUE"
"117","Plate4-J17",42689,16463,"J17",227,"Plate4","neg saliva + TBET","4000","C","N1_S2_RPP30","4",4,NA,4,"20uL","taqpath",500,50,50,"Ashe/ED/gamma","924dil4_20xlower",NA,"copies_per_ml_lysate","17","J","GCAATTGGCT","CTAGGCGAGT","GCAATTGGCT","CTAGGCGAGT",227,16236,26226,0,0.0140420028330357,TRUE,"TRUE"
"118","Plate4-J19",180459,156494,"J19",1036,"Plate4","neg saliva + TBET","4000","C","N1_S2_RPP30","4",4,NA,4,"20uL","taqpath",500,50,50,"Ashe/ED/gamma","924dil4_20xlower",NA,"copies_per_ml_lysate","19","J","AACCATCCGC","GGTTCTAATG","AACCATCCGC","GGTTCTAATG",1036,155458,23965,0,0.00667056908895593,TRUE,"TRUE"
"119","Plate4-J21",187919,165898,"J21",3140,"Plate4","neg saliva + TBET","4000","C","N1_S2_RPP30","4",4,NA,4,"20uL","taqpath",500,50,50,"Ashe/ED/gamma","924dil4_20xlower",NA,"copies_per_ml_lysate","21","J","TTGCTTGGAG","GGTGTAAGGT","TTGCTTGGAG","GGTGTAAGGT",3140,162758,22021,0,0.0192984719739001,TRUE,"TRUE"
"120","Plate4-J23",198502,176741,"J23",3872,"Plate4","neg saliva + TBET","4000","C","N1_S2_RPP30","4",4,NA,4,"20uL","taqpath",500,50,50,"Ashe/ED/gamma","924dil4_20xlower",NA,"copies_per_ml_lysate","23","J","ATGACAACTC","GTGATTCGTT","ATGACAACTC","GTGATTCGTT",3872,172869,21761,0,0.0224041187019147,TRUE,"TRUE"
"121","Plate4-K02",85395,74700,"K02",1612,"Plate4","neg saliva + TBET","2000","B","N1_S2_RPP30","4",4,NA,4,"20uL","taqpath",500,50,50,"Ashe/ED/gamma","924dil4_20xlower",NA,"copies_per_ml_lysate","02","K","AGTCGGTGAG","GCAGCATGTG","AGTCGGTGAG","GCAGCATGTG",1612,73088,10695,0,0.0220689843888957,TRUE,"TRUE"
"122","Plate4-K04",199800,176502,"K04",5442,"Plate4","neg saliva + TBET","2000","B","N1_S2_RPP30","4",4,NA,4,"20uL","taqpath",500,50,50,"Ashe/ED/gamma","924dil4_20xlower",NA,"copies_per_ml_lysate","04","K","GCAATCTTCG","GTGAGGAGTT","GCAATCTTCG","GTGAGGAGTT",5441,171061,23298,0,0.0318130268557599,TRUE,"TRUE"
"123","Plate4-K06",181181,157991,"K06",6301,"Plate4","neg saliva + TBET","2000","B","N1_S2_RPP30","4",4,NA,4,"20uL","taqpath",500,50,50,"Ashe/ED/gamma","924dil4_20xlower",NA,"copies_per_ml_lysate","06","K","GACCTTAAGG","CGGACTGGTT","GACCTTAAGG","CGGACTGGTT",6299,151692,23190,0,0.0415312506180246,TRUE,"TRUE"
"124","Plate4-K08",184315,164214,"K08",2654,"Plate4","neg saliva + TBET","2000","B","N1_S2_RPP30","4",4,NA,4,"20uL","taqpath",500,50,50,"Ashe/ED/gamma","924dil4_20xlower",NA,"copies_per_ml_lysate","08","K","AGTTGCATTC","GGAGTCTTCT","AGTTGCATTC","GGAGTCTTCT",2653,161561,20101,0,0.0164271301419888,TRUE,"TRUE"
"125","Plate4-K10",188899,161207,"K10",2713,"Plate4","neg saliva + TBET","2000","B","N1_S2_RPP30","4",4,NA,4,"20uL","taqpath",500,50,50,"Ashe/ED/gamma","924dil4_20xlower",NA,"copies_per_ml_lysate","10","K","ACCAACATTC","CCGGCTTAAG","ACCAACATTC","CCGGCTTAAG",2711,158496,27692,0,0.0171107339571096,TRUE,"TRUE"
"126","Plate4-K12",168195,143033,"K12",2884,"Plate4","neg saliva + TBET","2000","B","N1_S2_RPP30","4",4,NA,4,"20uL","taqpath",500,50,50,"Ashe/ED/gamma","924dil4_20xlower",NA,"copies_per_ml_lysate","12","K","CTGCCTAGCT","AGCCGCTCTT","CTGCCTAGCT","AGCCGCTCTT",2883,140150,25162,0,0.0205778053670684,TRUE,"TRUE"
"127","Plate4-K14",157873,130965,"K14",5144,"Plate4","neg saliva + TBET","2000","B","N1_S2_RPP30","4",4,NA,4,"20uL","taqpath",500,50,50,"Ashe/ED/gamma","924dil4_20xlower",NA,"copies_per_ml_lysate","14","K","TGTGCTCTCC","AGCTCGGTAT","TGTGCTCTCC","AGCTCGGTAT",5144,125821,26908,0,0.0408911001255742,TRUE,"TRUE"
"128","Plate4-K16",206180,176296,"K16",0,"Plate4","neg saliva + TBET","2000","B","N1_S2_RPP30","4",4,NA,4,"20uL","taqpath",500,50,50,"Ashe/ED/gamma","924dil4_20xlower",NA,"copies_per_ml_lysate","16","K","GTCTTCGTGA","TGTCGTGTTG","GTCTTCGTGA","TGTCGTGTTG",0,176296,29884,0,5.6722462662439e-06,TRUE,"FALSE"
"129","Plate4-K18",213269,184642,"K18",789,"Plate4","neg saliva + TBET","2000","B","N1_S2_RPP30","4",4,NA,4,"20uL","taqpath",500,50,50,"Ashe/ED/gamma","924dil4_20xlower",NA,"copies_per_ml_lysate","18","K","CTAATCTGAG","GCTAATCCGG","CTAATCTGAG","GCTAATCCGG",789,183853,28627,0,0.00429688774788691,TRUE,"TRUE"
"130","Plate4-K20",174543,148394,"K20",3354,"Plate4","neg saliva + TBET","2000","B","N1_S2_RPP30","4",4,NA,4,"20uL","taqpath",500,50,50,"Ashe/ED/gamma","924dil4_20xlower",NA,"copies_per_ml_lysate","20","K","GCTAGGTTCC","GGTAAGAAGG","GCTAGGTTCC","GGTAAGAAGG",3354,145040,26149,0,0.0231313904344289,TRUE,"TRUE"
"131","Plate4-K22",159634,136813,"K22",2203,"Plate4","neg saliva + TBET","2000","B","N1_S2_RPP30","4",4,NA,4,"20uL","taqpath",500,50,50,"Ashe/ED/gamma","924dil4_20xlower",NA,"copies_per_ml_lysate","22","K","GCTGTTCAAC","GGTGGCTAAC","GCTGTTCAAC","GGTGGCTAAC",2200,134613,22821,0,0.0163504538903829,TRUE,"TRUE"
"132","Plate4-K24",158641,138568,"K24",1861,"Plate4","neg saliva + TBET","2000","B","N1_S2_RPP30","4",4,NA,4,"20uL","taqpath",500,50,50,"Ashe/ED/gamma","924dil4_20xlower",NA,"copies_per_ml_lysate","24","K","TTGCTGATAG","GCTAAGTCCT","TTGCTGATAG","GCTAAGTCCT",1861,136707,20073,0,0.0136202709424467,TRUE,"TRUE"
"133","Plate4-L01",166784,151080,"L01",1065,"Plate4","neg saliva + TBET","2000","C","N1_S2_RPP30","4",4,NA,4,"20uL","taqpath",500,50,50,"Ashe/ED/gamma","924dil4_20xlower",NA,"copies_per_ml_lysate","01","L","GCAAGAGAAG","GCTGAGAACT","GCAAGAGAAG","GCTGAGAACT",1065,150015,15704,0,0.00710590870307167,TRUE,"TRUE"
"134","Plate4-L03",184317,162858,"L03",1841,"Plate4","neg saliva + TBET","2000","C","N1_S2_RPP30","4",4,NA,4,"20uL","taqpath",500,50,50,"Ashe/ED/gamma","924dil4_20xlower",NA,"copies_per_ml_lysate","03","L","CCTCATCACG","GTCTCGTTAT","CCTCATCACG","GTCTCGTTAT",1841,161017,21459,0,0.0114397148144928,TRUE,"TRUE"
"135","Plate4-L05",181457,157372,"L05",1984,"Plate4","neg saliva + TBET","2000","C","N1_S2_RPP30","4",4,NA,4,"20uL","taqpath",500,50,50,"Ashe/ED/gamma","924dil4_20xlower",NA,"copies_per_ml_lysate","05","L","ACCGCAGGAT","GAGATTCTCT","ACCGCAGGAT","GAGATTCTCT",1984,155388,24085,0,0.0127743920097304,TRUE,"TRUE"
"136","Plate4-L07",178768,158935,"L07",943,"Plate4","neg saliva + TBET","2000","C","N1_S2_RPP30","4",4,NA,4,"20uL","taqpath",500,50,50,"Ashe/ED/gamma","924dil4_20xlower",NA,"copies_per_ml_lysate","07","L","ATCCTCCTGC","GCTGACATTC","ATCCTCCTGC","GCTGACATTC",943,157992,19833,0,0.00597494825720127,TRUE,"TRUE"
"137","Plate4-L09",176511,156806,"L09",1895,"Plate4","neg saliva + TBET","2000","C","N1_S2_RPP30","4",4,NA,4,"20uL","taqpath",500,50,50,"Ashe/ED/gamma","924dil4_20xlower",NA,"copies_per_ml_lysate","09","L","TTCTATGTGC","GCTCAGACTC","TTCTATGTGC","GCTCAGACTC",1895,154911,19705,0,0.0122392067754596,TRUE,"TRUE"
"138","Plate4-L11",194929,170429,"L11",3590,"Plate4","neg saliva + TBET","2000","C","N1_S2_RPP30","4",4,NA,4,"20uL","taqpath",500,50,50,"Ashe/ED/gamma","924dil4_20xlower",NA,"copies_per_ml_lysate","11","L","GAAGAATGTC","ATTGGCGTTC","GAAGAATGTC","ATTGGCGTTC",3590,166839,24500,0,0.0215236154399425,TRUE,"TRUE"
"139","Plate4-L13",200355,178605,"L13",0,"Plate4","neg saliva + TBET","2000","C","N1_S2_RPP30","4",4,NA,4,"20uL","taqpath",500,50,50,"Ashe/ED/gamma","924dil4_20xlower",NA,"copies_per_ml_lysate","13","L","GATTCGCCAA","GACGTCTCAA","GATTCGCCAA","GACGTCTCAA",0,178605,21750,0,5.59891604985275e-06,TRUE,"FALSE"
"140","Plate4-L15",217552,192100,"L15",195,"Plate4","neg saliva + TBET","2000","C","N1_S2_RPP30","4",4,NA,4,"20uL","taqpath",500,50,50,"Ashe/ED/gamma","924dil4_20xlower",NA,"copies_per_ml_lysate","15","L","ATGCTAAGTC","GTGATAGTGT","ATGCTAAGTC","GTGATAGTGT",195,191905,25452,0,0.00102133336112472,TRUE,"FALSE"
"141","Plate4-L17",21033,870,"L17",7,"Plate4","neg saliva + TBET","2000","C","N1_S2_RPP30","4",4,NA,4,"20uL","taqpath",500,50,50,"Ashe/ED/gamma","924dil4_20xlower",NA,"copies_per_ml_lysate","17","L","TATTGGAGAG","GTCTAGGTCG","TATTGGAGAG","GTCTAGGTCG",7,863,20163,0,0.00925925925925926,TRUE,"TRUE"
"142","Plate4-L19",143707,120629,"L19",1402,"Plate4","neg saliva + TBET","2000","C","N1_S2_RPP30","4",4,NA,4,"20uL","taqpath",500,50,50,"Ashe/ED/gamma","924dil4_20xlower",NA,"copies_per_ml_lysate","19","L","GCTTATGTCC","GCTGTTAAGG","GCTTATGTCC","GCTGTTAAGG",1402,119227,23078,0,0.0117673700808535,TRUE,"TRUE"
"143","Plate4-L21",107906,95387,"L21",668,"Plate4","neg saliva + TBET","2000","C","N1_S2_RPP30","4",4,NA,4,"20uL","taqpath",500,50,50,"Ashe/ED/gamma","924dil4_20xlower",NA,"copies_per_ml_lysate","21","L","AATGCGCTAT","GTCAGTTCCT","AATGCGCTAT","GTCAGTTCCT",668,94719,12519,0,0.0070629222972973,TRUE,"TRUE"
"144","Plate4-L23",136831,113703,"L23",615,"Plate4","neg saliva + TBET","2000","C","N1_S2_RPP30","4",4,NA,4,"20uL","taqpath",500,50,50,"Ashe/ED/gamma","924dil4_20xlower",NA,"copies_per_ml_lysate","23","L","TTGGTCTTCA","ACGTGCCATA","TTGGTCTTCA","ACGTGCCATA",615,113088,23128,0,0.00544703728921469,TRUE,"TRUE"
"145","Plate4-M02",281113,257378,"M02",2,"Plate4","neg saliva + TBET","0","B","N1_S2_RPP30","4",4,NA,4,"20uL","taqpath",500,50,50,"Ashe/ED/gamma","924dil4_20xlower",NA,"copies_per_ml_lysate","02","M","GGTGTTAGCA","TGTCCTCATC","GGTGTTAGCA","TGTCCTCATC",2,257376,23735,0,1.16560531826853e-05,TRUE,"FALSE"
"146","Plate4-M04",167981,145441,"M04",1,"Plate4","neg saliva + TBET","0","B","N1_S2_RPP30","4",4,NA,4,"20uL","taqpath",500,50,50,"Ashe/ED/gamma","924dil4_20xlower",NA,"copies_per_ml_lysate","04","M","CGCTGTTACC","GTTGCTCTTC","CGCTGTTACC","GTTGCTCTTC",1,145440,22540,0,1.37512805880048e-05,TRUE,"FALSE"
"147","Plate4-M06",176595,152790,"M06",1,"Plate4","neg saliva + TBET","0","B","N1_S2_RPP30","4",4,NA,4,"20uL","taqpath",500,50,50,"Ashe/ED/gamma","924dil4_20xlower",NA,"copies_per_ml_lysate","06","M","TCCTGTACCT","AGCTCGCAGT","TCCTGTACCT","AGCTCGCAGT",1,152789,23795,10,1.30898619019569e-05,TRUE,"FALSE"
"148","Plate4-M08",183993,159899,"M08",0,"Plate4","neg saliva + TBET","0","B","N1_S2_RPP30","4",4,NA,4,"20uL","taqpath",500,50,50,"Ashe/ED/gamma","924dil4_20xlower",NA,"copies_per_ml_lysate","08","M","CTCTTGCATC","GCACGACCTT","CTCTTGCATC","GCACGACCTT",0,159899,24094,0,6.25390869293308e-06,TRUE,"FALSE"
"149","Plate4-M10",173319,148945,"M10",2,"Plate4","neg saliva + TBET","0","B","N1_S2_RPP30","4",4,NA,4,"20uL","taqpath",500,50,50,"Ashe/ED/gamma","924dil4_20xlower",NA,"copies_per_ml_lysate","10","M","CATGTGTGCA","TGTCAGTAAC","CATGTGTGCA","TGTCAGTAAC",2,148943,24374,0,2.01417982597486e-05,TRUE,"FALSE"
"150","Plate4-M12",115272,84157,"M12",0,"Plate4","neg saliva + TBET","0","B","N1_S2_RPP30","4",4,NA,4,"20uL","taqpath",500,50,50,"Ashe/ED/gamma","924dil4_20xlower",NA,"copies_per_ml_lysate","12","M","CTTGGACATA","CTATGGCAGC","CTTGGACATA","CTATGGCAGC",0,84157,31115,0,1.18824116542693e-05,TRUE,"FALSE"
"151","Plate4-M14",193932,166100,"M14",1,"Plate4","neg saliva + TBET","0","B","N1_S2_RPP30","4",4,NA,4,"20uL","taqpath",500,50,50,"Ashe/ED/gamma","924dil4_20xlower",NA,"copies_per_ml_lysate","14","M","TCAAGCAATC","AATTGGCGCG","TCAAGCAATC","AATTGGCGCG",1,166099,27832,0,1.20409391932571e-05,TRUE,"FALSE"
"152","Plate4-M16",180897,154439,"M16",1,"Plate4","neg saliva + TBET","0","B","N1_S2_RPP30","4",4,NA,4,"20uL","taqpath",500,50,50,"Ashe/ED/gamma","924dil4_20xlower",NA,"copies_per_ml_lysate","16","M","GCAATAACAG","GTAGTGCCTG","GCAATAACAG","GTAGTGCCTG",1,154438,26458,0,1.29500968019736e-05,TRUE,"FALSE"
"153","Plate4-M18",128808,105709,"M18",0,"Plate4","neg saliva + TBET","0","B","N1_S2_RPP30","4",4,NA,4,"20uL","taqpath",500,50,50,"Ashe/ED/gamma","924dil4_20xlower",NA,"copies_per_ml_lysate","18","M","GCTAGAAGAA","GCCTTGCACT","GCTAGAAGAA","GCCTTGCACT",0,105709,23099,0,9.45984296660675e-06,TRUE,"FALSE"
"154","Plate4-M20",186806,162831,"M20",0,"Plate4","neg saliva + TBET","0","B","N1_S2_RPP30","4",4,NA,4,"20uL","taqpath",500,50,50,"Ashe/ED/gamma","924dil4_20xlower",NA,"copies_per_ml_lysate","20","M","AGGTATTCGG","TGTCTGGAGT","AGGTATTCGG","TGTCTGGAGT",0,162831,23975,0,6.14129900756608e-06,TRUE,"FALSE"
"155","Plate4-M22",155378,132425,"M22",0,"Plate4","neg saliva + TBET","0","B","N1_S2_RPP30","4",4,NA,4,"20uL","taqpath",500,50,50,"Ashe/ED/gamma","924dil4_20xlower",NA,"copies_per_ml_lysate","22","M","GCATATCACA","TGTCTGGTTA","GCATATCACA","TGTCTGGTTA",0,132425,22953,0,7.55138718982677e-06,TRUE,"FALSE"
"156","Plate4-M24",158565,144436,"M24",0,"Plate4","neg saliva + TBET","0","B","N1_S2_RPP30","4",4,NA,4,"20uL","taqpath",500,50,50,"Ashe/ED/gamma","924dil4_20xlower",NA,"copies_per_ml_lysate","24","M","GGAAGCGATA","TAGCTGACTT","GGAAGCGATA","TAGCTGACTT",0,144436,14124,5,6.92343374620077e-06,TRUE,"FALSE"
"157","Plate4-N01",198513,188834,"N01",0,"Plate4","neg saliva + TBET","0","C","N1_S2_RPP30","4",4,NA,4,"20uL","taqpath",500,50,50,"Ashe/ED/gamma","924dil4_20xlower",NA,"copies_per_ml_lysate","01","N","GCAAGAGTGT","GTGTGTTGTT","GCAAGAGTGT","GTGTGTTGTT",0,188834,9679,0,5.29562845870734e-06,TRUE,"FALSE"
"158","Plate4-N03",159284,138043,"N03",1,"Plate4","neg saliva + TBET","0","C","N1_S2_RPP30","4",4,NA,4,"20uL","taqpath",500,50,50,"Ashe/ED/gamma","924dil4_20xlower",NA,"copies_per_ml_lysate","03","N","GCATTCTGAG","GGTGGATTAT","GCATTCTGAG","GGTGGATTAT",1,138042,21241,0,1.44882391718522e-05,TRUE,"FALSE"
"159","Plate4-N05",166782,144718,"N05",1,"Plate4","neg saliva + TBET","0","C","N1_S2_RPP30","4",4,NA,4,"20uL","taqpath",500,50,50,"Ashe/ED/gamma","924dil4_20xlower",NA,"copies_per_ml_lysate","05","N","CCATGACCTG","GAGACCGGTT","CCATGACCTG","GAGACCGGTT",1,144717,22064,0,1.38199809284263e-05,TRUE,"FALSE"
"160","Plate4-N07",179028,157663,"N07",3,"Plate4","neg saliva + TBET","0","C","N1_S2_RPP30","4",4,NA,4,"20uL","taqpath",500,50,50,"Ashe/ED/gamma","924dil4_20xlower",NA,"copies_per_ml_lysate","07","N","GCTCTTCTGC","GTGTTGGATT","GCTCTTCTGC","GTGTTGGATT",3,157660,21365,0,2.53708907085456e-05,TRUE,"FALSE"
"161","Plate4-N09",191918,170604,"N09",0,"Plate4","neg saliva + TBET","0","C","N1_S2_RPP30","4",4,NA,4,"20uL","taqpath",500,50,50,"Ashe/ED/gamma","924dil4_20xlower",NA,"copies_per_ml_lysate","09","N","TTATCGTTGC","GTCCATGTCT","TTATCGTTGC","GTCCATGTCT",0,170604,21314,0,5.8614929222473e-06,TRUE,"FALSE"
"162","Plate4-N11",192406,170735,"N11",0,"Plate4","neg saliva + TBET","0","C","N1_S2_RPP30","4",4,NA,4,"20uL","taqpath",500,50,50,"Ashe/ED/gamma","924dil4_20xlower",NA,"copies_per_ml_lysate","11","N","ATGTGGTTGC","GTGAATCTTG","ATGTGGTTGC","GTGAATCTTG",0,170735,21671,0,5.85699559553931e-06,TRUE,"FALSE"
"163","Plate4-N13",179961,158333,"N13",1,"Plate4","neg saliva + TBET","0","C","N1_S2_RPP30","4",4,NA,4,"20uL","taqpath",500,50,50,"Ashe/ED/gamma","924dil4_20xlower",NA,"copies_per_ml_lysate","13","N","GTACATATGC","GTGAGAGGTG","GTACATATGC","GTGAGAGGTG",1,158332,21628,0,1.26316055402222e-05,TRUE,"FALSE"
"164","Plate4-N15",190018,169642,"N15",0,"Plate4","neg saliva + TBET","0","C","N1_S2_RPP30","4",4,NA,4,"20uL","taqpath",500,50,50,"Ashe/ED/gamma","924dil4_20xlower",NA,"copies_per_ml_lysate","15","N","TGTATCCTGC","GTTCTCGAGG","TGTATCCTGC","GTTCTCGAGG",0,169642,20376,0,5.89473187812052e-06,TRUE,"FALSE"
"165","Plate4-N17",188722,167064,"N17",2,"Plate4","neg saliva + TBET","0","C","N1_S2_RPP30","4",4,NA,4,"20uL","taqpath",500,50,50,"Ashe/ED/gamma","924dil4_20xlower",NA,"copies_per_ml_lysate","17","N","AGATAGGTGC","GTTGTACAAG","AGATAGGTGC","GTTGTACAAG",2,167062,21658,0,1.79572975464346e-05,TRUE,"FALSE"
"166","Plate4-N19",182188,160271,"N19",0,"Plate4","neg saliva + TBET","0","C","N1_S2_RPP30","4",4,NA,4,"20uL","taqpath",500,50,50,"Ashe/ED/gamma","924dil4_20xlower",NA,"copies_per_ml_lysate","19","N","GGCTTATACG","GGTGAGTAGT","GGCTTATACG","GGTGAGTAGT",0,160271,21917,0,6.23939303184586e-06,TRUE,"FALSE"
"167","Plate4-N21",172232,149245,"N21",0,"Plate4","neg saliva + TBET","0","C","N1_S2_RPP30","4",4,NA,4,"20uL","taqpath",500,50,50,"Ashe/ED/gamma","924dil4_20xlower",NA,"copies_per_ml_lysate","21","N","TAGGAGTATG","TGTAGCTCGT","TAGGAGTATG","TGTAGCTCGT",0,149245,22987,0,6.70034707797864e-06,TRUE,"FALSE"
"168","Plate4-N23",175450,154371,"N23",1,"Plate4","neg saliva + TBET","0","C","N1_S2_RPP30","4",4,NA,4,"20uL","taqpath",500,50,50,"Ashe/ED/gamma","924dil4_20xlower",NA,"copies_per_ml_lysate","23","N","ATACGCTATG","ACCGTTGTGT","ATACGCTATG","ACCGTTGTGT",1,154370,21079,0,1.29558012839199e-05,TRUE,"FALSE"
"169","Plate4-O02",170856,152102,"O02",0,"Plate4","neg saliva + TBET","0","B","N1_S2_RPP30","4",4,NA,4,"20uL","taqpath",500,50,50,"Ashe/ED/gamma","924dil4_20xlower",NA,"copies_per_ml_lysate","02","O","ATGCATTGCG","GTGGTAAGCT","ATGCATTGCG","GTGGTAAGCT",0,152102,18754,0,6.5744922848333e-06,TRUE,"FALSE"
"170","Plate4-O04",196856,174352,"O04",1,"Plate4","neg saliva + TBET","0","B","N1_S2_RPP30","4",4,NA,4,"20uL","taqpath",500,50,50,"Ashe/ED/gamma","924dil4_20xlower",NA,"copies_per_ml_lysate","04","O","CGTACGGTAC","ATACGATGGC","CGTACGGTAC","ATACGATGGC",1,174351,22504,0,1.14710470771772e-05,TRUE,"FALSE"
"171","Plate4-O06",156513,155824,"O06",1,"Plate4","neg saliva + TBET","0","B","N1_S2_RPP30","4",4,NA,4,"20uL","taqpath",500,50,50,"Ashe/ED/gamma","924dil4_20xlower",NA,"copies_per_ml_lysate","06","O","GTGCTACTCT","GTCGCCACTT","GTGCTACTCT","GTCGCCACTT",1,155823,689,0,1.28349933258035e-05,TRUE,"FALSE"
"172","Plate4-O08",150177,128115,"O08",0,"Plate4","neg saliva + TBET","0","B","N1_S2_RPP30","4",4,NA,4,"20uL","taqpath",500,50,50,"Ashe/ED/gamma","924dil4_20xlower",NA,"copies_per_ml_lysate","08","O","GCTTCTCAGT","GCCAGTAGGT","GCTTCTCAGT","GCCAGTAGGT",0,128115,22062,0,7.80542633238628e-06,TRUE,"FALSE"
"173","Plate4-O10",239316,212617,"O10",1,"Plate4","neg saliva + TBET","0","B","N1_S2_RPP30","4",4,NA,4,"20uL","taqpath",500,50,50,"Ashe/ED/gamma","924dil4_20xlower",NA,"copies_per_ml_lysate","10","O","GTCTGGATTC","TTAAGGCGGT","GTCTGGATTC","TTAAGGCGGT",1,212616,26699,0,9.40658555054394e-06,TRUE,"FALSE"
"174","Plate4-O12",207719,180489,"O12",2,"Plate4","neg saliva + TBET","0","B","N1_S2_RPP30","4",4,NA,4,"20uL","taqpath",500,50,50,"Ashe/ED/gamma","924dil4_20xlower",NA,"copies_per_ml_lysate","12","O","GCCTCTATAA","GTGAATTAGG","GCCTCTATAA","GTGAATTAGG",2,180487,27230,0,1.66216036523204e-05,TRUE,"FALSE"
"175","Plate4-O14",198915,171976,"O14",0,"Plate4","neg saliva + TBET","0","B","N1_S2_RPP30","4",4,NA,4,"20uL","taqpath",500,50,50,"Ashe/ED/gamma","924dil4_20xlower",NA,"copies_per_ml_lysate","14","O","TCGGAGTGAG","CTATATGCGG","TCGGAGTGAG","CTATATGCGG",0,171976,26939,0,5.81473103961576e-06,TRUE,"FALSE"
"176","Plate4-O16",175292,153329,"O16",0,"Plate4","neg saliva + TBET","0","B","N1_S2_RPP30","4",4,NA,4,"20uL","taqpath",500,50,50,"Ashe/ED/gamma","924dil4_20xlower",NA,"copies_per_ml_lysate","16","O","GGTATGTGAA","GACTCAGTAA","GGTATGTGAA","GACTCAGTAA",0,153329,21963,0,6.52188091045458e-06,TRUE,"FALSE"
"177","Plate4-O18",137690,117531,"O18",2,"Plate4","neg saliva + TBET","0","B","N1_S2_RPP30","4",4,NA,4,"20uL","taqpath",500,50,50,"Ashe/ED/gamma","924dil4_20xlower",NA,"copies_per_ml_lysate","18","O","CAGGTCTATA","CTGCTCTGTG","CAGGTCTATA","CTGCTCTGTG",1,117530,20159,0,1.70167870604351e-05,TRUE,"FALSE"
"178","Plate4-O20",170813,151623,"O20",1,"Plate4","neg saliva + TBET","0","B","N1_S2_RPP30","4",4,NA,4,"20uL","taqpath",500,50,50,"Ashe/ED/gamma","924dil4_20xlower",NA,"copies_per_ml_lysate","20","O","GGTGTTCTAG","GCTTATACCT","GGTGTTCTAG","GCTTATACCT",0,151623,19190,0,6.5952619638052e-06,TRUE,"FALSE"
"179","Plate4-O22",165684,145027,"O22",2,"Plate4","neg saliva + TBET","0","B","N1_S2_RPP30","4",4,NA,4,"20uL","taqpath",500,50,50,"Ashe/ED/gamma","924dil4_20xlower",NA,"copies_per_ml_lysate","22","O","AGTAATGCTC","GGTACTAGTC","AGTAATGCTC","GGTACTAGTC",1,145026,20657,0,1.37905355554483e-05,TRUE,"FALSE"
"180","Plate4-O24",59277,31879,"O24",1,"Plate4","neg saliva + TBET","0","B","N1_S2_RPP30","4",4,NA,4,"20uL","taqpath",500,50,50,"Ashe/ED/gamma","924dil4_20xlower",NA,"copies_per_ml_lysate","24","O","GATGTAGCAA","GGTATGCTCA","GATGTAGCAA","GGTATGCTCA",0,31879,27396,2,3.13676286072773e-05,TRUE,"FALSE"
"181","Plate4-P01",115268,95026,"P01",1,"Plate4","neg saliva + TBET","0","C","N1_S2_RPP30","4",4,NA,4,"20uL","taqpath",500,50,50,"Ashe/ED/gamma","924dil4_20xlower",NA,"copies_per_ml_lysate","01","P","GAGTATGCAG","CAGAGGCTGT","GAGTATGCAG","CAGAGGCTGT",1,95025,20242,0,2.1046871382569e-05,TRUE,"FALSE"
"182","Plate4-P03",116022,92471,"P03",0,"Plate4","neg saliva + TBET","0","C","N1_S2_RPP30","4",4,NA,4,"20uL","taqpath",500,50,50,"Ashe/ED/gamma","924dil4_20xlower",NA,"copies_per_ml_lysate","03","P","TCTGACGAGG","AGCTATAGGT","TCTGACGAGG","AGCTATAGGT",0,92471,23551,0,1.08140842633446e-05,TRUE,"FALSE"
"183","Plate4-P05",235257,210193,"P05",2,"Plate4","neg saliva + TBET","0","C","N1_S2_RPP30","4",4,NA,4,"20uL","taqpath",500,50,50,"Ashe/ED/gamma","924dil4_20xlower",NA,"copies_per_ml_lysate","05","P","GGCATCAGAT","TGTCTTCGGT","GGCATCAGAT","TGTCTTCGGT",1,210192,25064,0,9.5150647262278e-06,TRUE,"FALSE"
"184","Plate4-P07",168912,148737,"P07",0,"Plate4","neg saliva + TBET","0","C","N1_S2_RPP30","4",4,NA,4,"20uL","taqpath",500,50,50,"Ashe/ED/gamma","924dil4_20xlower",NA,"copies_per_ml_lysate","07","P","GCTAGGACAC","GTAAGCCACT","GCTAGGACAC","GTAAGCCACT",0,148737,20175,0,6.72323145396603e-06,TRUE,"FALSE"
"185","Plate4-P09",236501,211857,"P09",0,"Plate4","neg saliva + TBET","0","C","N1_S2_RPP30","4",4,NA,4,"20uL","taqpath",500,50,50,"Ashe/ED/gamma","924dil4_20xlower",NA,"copies_per_ml_lysate","09","P","GCTAGTCTTC","GTATAACCTG","GCTAGTCTTC","GTATAACCTG",0,211857,24644,0,4.72014273711637e-06,TRUE,"FALSE"
"186","Plate4-P11",232892,209819,"P11",0,"Plate4","neg saliva + TBET","0","C","N1_S2_RPP30","4",4,NA,4,"20uL","taqpath",500,50,50,"Ashe/ED/gamma","924dil4_20xlower",NA,"copies_per_ml_lysate","11","P","GTGGTTCAGC","GAGGAAGGTT","GTGGTTCAGC","GAGGAAGGTT",0,209819,23073,0,4.76598989610142e-06,TRUE,"FALSE"
"187","Plate4-P13",261042,233852,"P13",3,"Plate4","neg saliva + TBET","0","C","N1_S2_RPP30","4",4,NA,4,"20uL","taqpath",500,50,50,"Ashe/ED/gamma","924dil4_20xlower",NA,"copies_per_ml_lysate","13","P","TGATGAACCA","GGTACTCTGC","TGATGAACCA","GGTACTCTGC",1,233851,27190,0,8.55241776850316e-06,TRUE,"FALSE"
"188","Plate4-P15",148629,148381,"P15",1,"Plate4","neg saliva + TBET","0","C","N1_S2_RPP30","4",4,NA,4,"20uL","taqpath",500,50,50,"Ashe/ED/gamma","924dil4_20xlower",NA,"copies_per_ml_lysate","15","P","GTGCAACACG","GTGGACAAGT","GTGCAACACG","GTGGACAAGT",0,148381,248,0,6.73936191721368e-06,TRUE,"FALSE"
"189","Plate4-P17",233295,210169,"P17",2,"Plate4","neg saliva + TBET","0","C","N1_S2_RPP30","4",4,NA,4,"20uL","taqpath",500,50,50,"Ashe/ED/gamma","924dil4_20xlower",NA,"copies_per_ml_lysate","17","P","GCAATGTAGT","GACTGGCGTT","GCAATGTAGT","GACTGGCGTT",2,210167,23126,0,1.42742948498344e-05,TRUE,"FALSE"
"190","Plate4-P19",124313,102846,"P19",71,"Plate4","neg saliva + TBET","0","C","N1_S2_RPP30","4",4,NA,4,"20uL","taqpath",500,50,50,"Ashe/ED/gamma","924dil4_20xlower",NA,"copies_per_ml_lysate","19","P","TTGCAGGCTC","CTGTCGTTCG","TTGCAGGCTC","CTGTCGTTCG",71,102775,21467,0,0.000700552658208142,TRUE,"FALSE"
"191","Plate4-P21",83778,61097,"P21",0,"Plate4","neg saliva + TBET","0","C","N1_S2_RPP30","4",4,NA,4,"20uL","taqpath",500,50,50,"Ashe/ED/gamma","924dil4_20xlower",NA,"copies_per_ml_lysate","21","P","ATACCAGCTT","GGTAGCAGTT","ATACCAGCTT","GGTAGCAGTT",0,61097,22681,0,1.63671478608138e-05,TRUE,"FALSE"
"192","Plate4-P23",150540,131470,"P23",1,"Plate4","neg saliva + TBET","0","C","N1_S2_RPP30","4",4,NA,4,"20uL","taqpath",500,50,50,"Ashe/ED/gamma","924dil4_20xlower",NA,"copies_per_ml_lysate","23","P","GCTTCCTAGG","GTCTGTGTGT","GCTTCCTAGG","GTCTGTGTGT",1,131469,19064,6,1.52125960295124e-05,TRUE,"FALSE"
