"","virus_identity","CT","Assay.for.NP.comparison","ORF1ab.Ct..KF.ABI.7500.","N.gene.Ct..KF.ABI.7500.","S.gene.Ct..KF.ABI.7500.","MS2.Ct..IC...KF.ABI.7500.","X2019.nCoV.N1.CT.Value","X2019.nCoV.N2.CT.Value","IC.CT.Value","Sample","well_total","Stotal","Sample_Well","S2_total_across_all_wells","Plate_ID","lysate","virus_copy","bc_set","Plate_384","Plate_384_Number","Plate_384_Quadrant","IndexSet","MasterMixVol","RT","SpikeCopies","RPP_strategy","PCR_cycles","Description","Dilution","Heat","VirusUnits","Col","Row","S_index","S_index2","R_index","R_index2","S2","S2_spike","RPP30","RPP30_spike","S2_normalized_to_S2_spike","RPP30_Detected","SARS_COV_2_Detected","NPResult"
"1","U166",30.1545,"KF",30.2289,30.38,30.1545,22.3297,NA,NA,NA,"Plate3-A04",135136,122100,"A04",1664,"Plate3","Purified",NA,"N1_S2_RPP30","3",3,NA,3,"20uL","taqpath",500,50,40,"PurifiedLysates",NA,NA,"copies_per_ml_lysate","04","A","CTGAGCTGAT","ACTTCGCGGT","CTGAGCTGAT","ACTTCGCGGT",1664,120436,13036,0,0.0138246552139293,TRUE,"TRUE",TRUE
"2","U176",33.1793,"KF",34.8272,33.1793,33.4532,24.3414,NA,NA,NA,"Plate3-J07",53096,38316,"J07",9865,"Plate3","Purified",NA,"N1_S2_RPP30","3",3,NA,3,"20uL","taqpath",500,50,40,"PurifiedLysates",NA,NA,"copies_per_ml_lysate","07","J","GCTTGTGAGG","CCTCTAGAGT","GCTTGTGAGG","CCTCTAGAGT",9865,28451,14780,0,0.346759454519893,TRUE,"TRUE",TRUE
"4","U185",33.0271,"KF",33.0271,33.6,34.7,22.7,NA,NA,NA,"Plate3-H07",115802,103942,"H07",447,"Plate3","Purified",NA,"N1_S2_RPP30","3",3,NA,3,"20uL","taqpath",500,50,40,"PurifiedLysates",NA,NA,"copies_per_ml_lysate","07","H","TGTCGTCGCA","CATCAGAGGC","TGTCGTCGCA","CATCAGAGGC",447,103495,11860,0,0.00432866970704182,TRUE,"TRUE",TRUE
"6","U191",31.0232,"KF",31.8468,31.0232,31.2134,NA,NA,NA,NA,"Plate3-L03",71235,56516,"L03",33365,"Plate3","Purified",NA,"N1_S2_RPP30","3",3,NA,3,"20uL","taqpath",500,50,40,"PurifiedLysates",NA,NA,"copies_per_ml_lysate","03","L","CACGTAGTAA","TAACAACAGC","CACGTAGTAA","TAACAACAGC",33365,23151,14719,0,1.44117138908086,TRUE,"TRUE",TRUE
"8","U201",30.8456,"KF",31.4299,30.8456,31.5821,21.4683,NA,NA,NA,"Plate3-F03",131762,117371,"F03",2008,"Plate3","Purified",NA,"N1_S2_RPP30","3",3,NA,3,"20uL","taqpath",500,50,40,"PurifiedLysates",NA,NA,"copies_per_ml_lysate","03","F","CGATGGCGAT","ACATTCACGT","CGATGGCGAT","ACATTCACGT",2008,115363,14391,0,0.0174144447141223,TRUE,"TRUE",TRUE
"10","U204",33.1893,"KF",35.2095,34.7237,33.1893,23.1877,NA,NA,NA,"Plate3-P07",46304,32055,"P07",7381,"Plate3","Purified",NA,"N1_S2_RPP30","3",3,NA,3,"20uL","taqpath",500,50,40,"PurifiedLysates",NA,NA,"copies_per_ml_lysate","07","P","CAACTACGTG","TCAGCGTGTT","CAACTACGTG","TCAGCGTGTT",7381,24674,14249,0,0.299169199594731,TRUE,"TRUE",TRUE
"12","U215",30.5748,"KF",31.1312,30.5748,31.4017,24.2713,NA,NA,NA,"Plate3-J03",87278,72769,"J03",40934,"Plate3","Purified",NA,"N1_S2_RPP30","3",3,NA,3,"20uL","taqpath",500,50,40,"PurifiedLysates",NA,NA,"copies_per_ml_lysate","03","J","GTGCGTCAGA","AATTCTAGGC","GTGCGTCAGA","AATTCTAGGC",40934,31835,14509,0,1.28580851865812,TRUE,"TRUE",TRUE
"14","U225",33.4889,"KF",33.4889,33.6,36.7,22.6,NA,NA,NA,"Plate3-E08",31881,16991,"E08",1205,"Plate3","Purified",NA,"N1_S2_RPP30","3",3,NA,3,"20uL","taqpath",500,50,40,"PurifiedLysates",NA,NA,"copies_per_ml_lysate","08","E","ACCTCTCACA","CGTAGGAACC","ACCTCTCACA","CGTAGGAACC",1205,15786,14890,0,0.0763919680749984,TRUE,"TRUE",TRUE
"16","U228",33.1,"KF",NA,NA,40,NA,33.1,33.7,21.8,"Plate3-N07",62200,45956,"N07",577,"Plate3","Purified",NA,"N1_S2_RPP30","3",3,NA,3,"20uL","taqpath",500,50,40,"PurifiedLysates",NA,NA,"copies_per_ml_lysate","07","N","TGACGAGGAT","ATCCGGATAT","TGACGAGGAT","ATCCGGATAT",577,45379,16244,0,0.0127368884971353,TRUE,"TRUE",TRUE
"18","U234",30.3541,"KF",31.6026,30.3541,31.8682,22.7703,NA,NA,NA,"Plate3-P03",36872,25629,"P03",14005,"Plate3","Purified",NA,"N1_S2_RPP30","3",3,NA,3,"20uL","taqpath",500,50,40,"PurifiedLysates",NA,NA,"copies_per_ml_lysate","03","P","GTTACCTTGC","TACAGAGCCT","GTTACCTTGC","TACAGAGCCT",14005,11624,11243,0,1.20481720430108,TRUE,"TRUE",TRUE
"20","U238",33.1649,"KF",34.3526,33.1649,36.7026,22.497,NA,NA,NA,"Plate3-C08",37438,23226,"C08",1443,"Plate3","Purified",NA,"N1_S2_RPP30","3",3,NA,3,"20uL","taqpath",500,50,40,"PurifiedLysates",NA,NA,"copies_per_ml_lysate","08","C","GCCGTGTAAC","ATAGTAGCAC","GCCGTGTAAC","ATAGTAGCAC",1443,21783,14212,0,0.0662871832537642,TRUE,"TRUE",TRUE
"22","U241",31.1,"KF",32.3712,31.1,31.2,22.5,NA,NA,NA,"Plate3-M04",75502,63631,"M04",11156,"Plate3","Purified",NA,"N1_S2_RPP30","3",3,NA,3,"20uL","taqpath",500,50,40,"PurifiedLysates",NA,NA,"copies_per_ml_lysate","04","M","CTGGCATGGA","TAATAGCTCC","CTGGCATGGA","TAATAGCTCC",11156,52475,11871,0,0.212611479533501,TRUE,"TRUE",TRUE
"24","U247",34.9525,"KF",39.1699,34.9525,40,22.2672,NA,NA,NA,"Plate3-A10",57022,43918,"A10",348,"Plate3","Purified",NA,"N1_S2_RPP30","3",3,NA,3,"20uL","taqpath",500,50,40,"PurifiedLysates",NA,NA,"copies_per_ml_lysate","10","A","ATGCCTCATA","AGGCAGCGTA","ATGCCTCATA","AGGCAGCGTA",348,43570,13104,0,0.00800991485162149,TRUE,"TRUE",TRUE
"26","U252",31.0506,"KF",31.2912,31.0506,32.3169,23.1348,NA,NA,NA,"Plate3-C06",62030,46949,"C06",13591,"Plate3","Purified",NA,"N1_S2_RPP30","3",3,NA,3,"20uL","taqpath",500,50,40,"PurifiedLysates",NA,NA,"copies_per_ml_lysate","06","C","GTCGCATTAG","ACATCATGCG","GTCGCATTAG","ACATCATGCG",13591,33358,15081,0,0.407446266374891,TRUE,"TRUE",TRUE
"28","U253",35.2021,"KF",39.009,35.2021,40,23.3752,NA,NA,NA,"Plate3-C10",72250,58623,"C10",939,"Plate3","Purified",NA,"N1_S2_RPP30","3",3,NA,3,"20uL","taqpath",500,50,40,"PurifiedLysates",NA,NA,"copies_per_ml_lysate","10","C","ACTCACGGAT","GATACGCGTT","ACTCACGGAT","GATACGCGTT",939,57684,13627,0,0.0162953974170062,TRUE,"TRUE",TRUE
"30","U258",30.3,"CDC",NA,NA,40,NA,30.5,30.3,24.8,"Plate3-H03",58946,44166,"H03",15148,"Plate3","Purified",NA,"N1_S2_RPP30","3",3,NA,3,"20uL","taqpath",500,50,40,"PurifiedLysates",NA,NA,"copies_per_ml_lysate","03","H","GGAGTACTCA","CGGAGGTTGA","GGAGTACTCA","CGGAGGTTGA",15148,29018,14780,0,0.522037285916124,TRUE,"TRUE",TRUE
"32","U266",30.5463,"KF",30.5463,30.8725,30.6597,23.0733,NA,NA,NA,"Plate3-D03",51025,36251,"D03",15325,"Plate3","Purified",NA,"N1_S2_RPP30","3",3,NA,3,"20uL","taqpath",500,50,40,"PurifiedLysates",NA,NA,"copies_per_ml_lysate","03","D","ACCAGCTCAA","CCGCTTAGCA","ACCAGCTCAA","CCGCTTAGCA",15325,20926,14774,0,0.732355330434367,TRUE,"TRUE",TRUE
"34","U267",33.0172,"KF",33.0172,35.9425,33.7671,23.2138,NA,NA,NA,"Plate3-B07",76019,65640,"B07",1323,"Plate3","Purified",NA,"N1_S2_RPP30","3",3,NA,3,"20uL","taqpath",500,50,40,"PurifiedLysates",NA,NA,"copies_per_ml_lysate","07","B","TCCGAGAGGT","AAGTAGGCTT","TCCGAGAGGT","AAGTAGGCTT",1323,64317,10379,0,0.0205852172020274,TRUE,"TRUE",TRUE
"36","U279",33.8233,"KF",34.0447,33.8233,37.1898,23.0151,NA,NA,NA,"Plate3-L07",32524,16038,"L07",2279,"Plate3","Purified",NA,"N1_S2_RPP30","3",3,NA,3,"20uL","taqpath",500,50,40,"PurifiedLysates",NA,NA,"copies_per_ml_lysate","07","L","ACACCTCGAA","GGTTGCGAAT","ACACCTCGAA","GGTTGCGAAT",2279,13759,16486,0,0.165697674418605,TRUE,"TRUE",TRUE
"38","U281",30.4169,"KF",32.8255,30.4169,32.8193,23.2347,NA,NA,NA,"Plate3-B05",125885,111798,"B05",1012,"Plate3","Purified",NA,"N1_S2_RPP30","3",3,NA,3,"20uL","taqpath",500,50,40,"PurifiedLysates",NA,NA,"copies_per_ml_lysate","05","B","TCTACACGTA","GTACTCTCGG","TCTACACGTA","GTACTCTCGG",1012,110786,14087,0,0.00914367209149088,TRUE,"TRUE",TRUE
"40","N4919",NA,NA,NA,NA,40,NA,NA,NA,NA,"Plate3-A03",60660,49314,"A03",1,"Plate3","Purified",NA,"N1_S2_RPP30","3",3,NA,3,"20uL","taqpath",500,50,40,"PurifiedLysates",NA,NA,"copies_per_ml_lysate","03","A","ACACGTGATG","GGAACACCTT","ACACGTGATG","GGAACACCTT",1,49313,11346,0,4.05564342782983e-05,TRUE,"FALSE",FALSE
"42","N4927",NA,NA,NA,NA,40,NA,NA,NA,NA,"Plate3-A05",33621,20147,"A05",0,"Plate3","Purified",NA,"N1_S2_RPP30","3",3,NA,3,"20uL","taqpath",500,50,40,"PurifiedLysates",NA,NA,"copies_per_ml_lysate","05","A","AGGCACCTAA","CTATCTATCG","AGGCACCTAA","CTATCTATCG",0,20147,13474,0,4.96327178876315e-05,TRUE,"FALSE",FALSE
"44","N4935",NA,NA,NA,NA,40,NA,NA,NA,NA,"Plate3-A07",66053,53980,"A07",0,"Plate3","Purified",NA,"N1_S2_RPP30","3",3,NA,3,"20uL","taqpath",500,50,40,"PurifiedLysates",NA,NA,"copies_per_ml_lysate","07","A","ACAATCGTTG","ATTAGCGCTT","ACAATCGTTG","ATTAGCGCTT",0,53980,12073,0,1.85250365869473e-05,TRUE,"FALSE",FALSE
"46","N4920",NA,NA,NA,NA,40,NA,NA,NA,NA,"Plate3-C03",55818,44293,"C03",0,"Plate3","Purified",NA,"N1_S2_RPP30","3",3,NA,3,"20uL","taqpath",500,50,40,"PurifiedLysates",NA,NA,"copies_per_ml_lysate","03","C","ACTCGTGAGA","TTGTGTGTCC","ACTCGTGAGA","TTGTGTGTCC",0,44293,11525,0,2.25764211857136e-05,TRUE,"FALSE",FALSE
"48","N4928",NA,NA,NA,NA,40,NA,NA,NA,NA,"Plate3-C05",46788,34273,"C05",0,"Plate3","Purified",NA,"N1_S2_RPP30","3",3,NA,3,"20uL","taqpath",500,50,40,"PurifiedLysates",NA,NA,"copies_per_ml_lysate","05","C","TCGAACCGGA","TACATGAAGC","TCGAACCGGA","TACATGAAGC",0,34273,12515,0,2.91766353504114e-05,TRUE,"FALSE",FALSE
"50","N4936",NA,NA,NA,NA,40,NA,NA,NA,NA,"Plate3-C07",49361,35652,"C07",0,"Plate3","Purified",NA,"N1_S2_RPP30","3",3,NA,3,"20uL","taqpath",500,50,40,"PurifiedLysates",NA,NA,"copies_per_ml_lysate","07","C","GCCACACCTA","ATACTTCCGC","GCCACACCTA","ATACTTCCGC",0,35652,13709,0,2.8048130592096e-05,TRUE,"FALSE",FALSE
"52","N4921",NA,NA,NA,NA,40,NA,NA,NA,NA,"Plate3-E03",129014,115808,"E03",0,"Plate3","Purified",NA,"N1_S2_RPP30","3",3,NA,3,"20uL","taqpath",500,50,40,"PurifiedLysates",NA,NA,"copies_per_ml_lysate","03","E","TGGCGAGACT","AACCGGCCTT","TGGCGAGACT","AACCGGCCTT",0,115808,13206,0,8.63490747696638e-06,TRUE,"FALSE",FALSE
"54","N4929",NA,NA,NA,NA,40,NA,NA,NA,NA,"Plate3-E05",49038,35117,"E05",0,"Plate3","Purified",NA,"N1_S2_RPP30","3",3,NA,3,"20uL","taqpath",500,50,40,"PurifiedLysates",NA,NA,"copies_per_ml_lysate","05","E","GCTCCTACAA","CCGGATCAGA","GCTCCTACAA","CCGGATCAGA",0,35117,13921,0,2.84754257076143e-05,TRUE,"FALSE",FALSE
"56","N4937",NA,NA,NA,NA,40,NA,NA,NA,NA,"Plate3-E07",68651,54762,"E07",0,"Plate3","Purified",NA,"N1_S2_RPP30","3",3,NA,3,"20uL","taqpath",500,50,40,"PurifiedLysates",NA,NA,"copies_per_ml_lysate","07","E","AAGTGTCATC","CCTTATACGG","AAGTGTCATC","CCTTATACGG",0,54762,13889,0,1.82605043551303e-05,TRUE,"FALSE",FALSE
"58","N4922",NA,NA,NA,NA,40,NA,NA,NA,NA,"Plate3-H04",84593,72488,"H04",0,"Plate3","Purified",NA,"N1_S2_RPP30","3",3,NA,3,"20uL","taqpath",500,50,40,"PurifiedLysates",NA,NA,"copies_per_ml_lysate","04","H","CGACGTTCAC","AGCGTGGTTC","CGACGTTCAC","AGCGTGGTTC",0,72488,12105,0,1.37951965125743e-05,TRUE,"FALSE",FALSE
"59","N4930",NA,NA,NA,NA,40,NA,NA,NA,NA,"Plate3-G05",82428,68651,"G05",0,"Plate3","Purified",NA,"N1_S2_RPP30","3",3,NA,3,"20uL","taqpath",500,50,40,"PurifiedLysates",NA,NA,"copies_per_ml_lysate","05","G","ACAACCTGTA","AGCGTTGTCG","ACAACCTGTA","AGCGTTGTCG",0,68651,13777,0,1.45662180271514e-05,TRUE,"FALSE",FALSE
"61","N4938",NA,NA,NA,NA,40,NA,NA,NA,NA,"Plate3-G07",18617,9896,"G07",0,"Plate3","Purified",NA,"N1_S2_RPP30","3",3,NA,3,"20uL","taqpath",500,50,40,"PurifiedLysates",NA,NA,"copies_per_ml_lysate","07","G","GTCAGCAAGC","CATGTCCACT","GTCAGCAAGC","CATGTCCACT",0,9896,8721,0,0.000101040719409922,TRUE,"FALSE",FALSE
"63","N4923",NA,NA,NA,NA,40,NA,NA,NA,NA,"Plate3-I03",46042,35278,"I03",0,"Plate3","Purified",NA,"N1_S2_RPP30","3",3,NA,3,"20uL","taqpath",500,50,40,"PurifiedLysates",NA,NA,"copies_per_ml_lysate","03","I","ACTGGCTATC","CGTTCCACTC","ACTGGCTATC","CGTTCCACTC",0,35278,10764,0,2.83454746449729e-05,TRUE,"FALSE",FALSE
"65","N4931",NA,NA,NA,NA,40,NA,NA,NA,NA,"Plate3-I05",145421,131398,"I05",0,"Plate3","Purified",NA,"N1_S2_RPP30","3",3,NA,3,"20uL","taqpath",500,50,40,"PurifiedLysates",NA,NA,"copies_per_ml_lysate","05","I","GTATCACTCC","ATATCCAACG","GTATCACTCC","ATATCCAACG",0,131398,14023,0,7.61040799397256e-06,TRUE,"FALSE",FALSE
"67","N4924",NA,NA,NA,NA,40,NA,NA,NA,NA,"Plate3-K03",99055,89141,"K03",0,"Plate3","Purified",NA,"N1_S2_RPP30","3",3,NA,3,"20uL","taqpath",500,50,40,"PurifiedLysates",NA,NA,"copies_per_ml_lysate","03","K","TTGAGCAGGA","ACTTGTGTCG","TTGAGCAGGA","ACTTGTGTCG",0,89141,9914,0,1.12180565838774e-05,TRUE,"FALSE",FALSE
"69","N4932",NA,NA,NA,NA,40,NA,NA,NA,NA,"Plate3-K05",78687,65860,"K05",0,"Plate3","Purified",NA,"N1_S2_RPP30","3",3,NA,3,"20uL","taqpath",500,50,40,"PurifiedLysates",NA,NA,"copies_per_ml_lysate","05","K","TTGCCTTCTC","AAGGCGCTTC","TTGCCTTCTC","AAGGCGCTTC",0,65860,12827,0,1.51834925069464e-05,TRUE,"FALSE",FALSE
"71","N4925",NA,NA,NA,NA,40,NA,NA,NA,NA,"Plate3-M03",126473,113047,"M03",1,"Plate3","Purified",NA,"N1_S2_RPP30","3",3,NA,3,"20uL","taqpath",500,50,40,"PurifiedLysates",NA,NA,"copies_per_ml_lysate","03","M","GACGTTGCTA","TTACTTCTCC","GACGTTGCTA","TTACTTCTCC",1,113046,13426,0,1.76917565260467e-05,TRUE,"FALSE",FALSE
"73","N4933",NA,NA,NA,NA,40,NA,NA,NA,NA,"Plate3-M05",48103,37079,"M05",0,"Plate3","Purified",NA,"N1_S2_RPP30","3",3,NA,3,"20uL","taqpath",500,50,40,"PurifiedLysates",NA,NA,"copies_per_ml_lysate","05","M","TCGGTTCTGA","ATGCTCTTAC","TCGGTTCTGA","ATGCTCTTAC",0,37079,11024,0,2.69687162891046e-05,TRUE,"FALSE",FALSE
"75","N4926",NA,NA,NA,NA,40,NA,NA,NA,NA,"Plate3-O03",73876,60441,"O03",0,"Plate3","Purified",NA,"N1_S2_RPP30","3",3,NA,3,"20uL","taqpath",500,50,40,"PurifiedLysates",NA,NA,"copies_per_ml_lysate","03","O","TATCGCTTCT","GGATCACTGT","TATCGCTTCT","GGATCACTGT",0,60441,13435,0,1.6544786737699e-05,TRUE,"FALSE",FALSE
"77","N4934",NA,NA,NA,NA,40,NA,NA,NA,NA,"Plate3-O05",82468,72097,"O05",0,"Plate3","Purified",NA,"N1_S2_RPP30","3",3,NA,3,"20uL","taqpath",500,50,40,"PurifiedLysates",NA,NA,"copies_per_ml_lysate","05","O","TGAAGGTCCT","CCAGACACGT","TGAAGGTCCT","CCAGACACGT",0,72097,10371,0,1.38700102638076e-05,TRUE,"FALSE",FALSE
